ID,Очередь,Корпус,Этажи,Раздел,Подраздел,Работа,Номер акта,Дата,Статус,Подрядчик,Загрузил,Замечаний (всего),Замечаний (открытых),Файлы (S3),Google Drive URL,Комментарий,Обработан,Создан,Обновлён,Замечания (открытые),Замечания (закрытые)
11276,СБ3,К5,"11, 12, 13, 14, 15",Слаботочные сети,СОУЭ1,Разводка кабеля,7-С5.СБЗ-СОУЭ1,10.07.2026,Есть замечания,"ООО ""Топ ID""",Валерий Семенов,2,2,https://acons-app.ru/api/v1/share/checklist/b5030d54-811c-421d-8e87-253e35220fd8/,,,Нет,2026-07-17,2026-07-17,"Маркировка кабельных линий, Расстояние между кабельными линиями",
11275,СБ3,К5,"2, 3, 4, 5, 6, 7, 8, 9, 10, 11, 12, 13, 14, 15, 16",Слаботочные сети,СОУЭ1,Монтаж оборудования системы СОУЭ1,6-С5.СБЗ-СОУЭ1,10.07.2026,Замечания устранены,"ООО ""Топ ID""",Валерий Семенов,0,0,https://acons-app.ru/api/v1/share/checklist/5304c92d-aca1-49cb-95d5-56a3bd90bc1d/,,,Нет,2026-07-17,2026-07-17,,
11274,СБ3,К5,"11, 12, 13, 14, 15",Слаботочные сети,АПС,Разводка кабеля,8-С5.СБЗ-АПС,10.07.2026,Есть замечания,"ООО ""Топ ID""",Валерий Семенов,1,1,https://acons-app.ru/api/v1/share/checklist/703e0d62-f808-4e30-80c2-f0bebc6022a4/,,,Нет,2026-07-17,2026-07-17,Расстояние между кабельными линиями,
11273,СБ3,К5,"11, 12, 13, 14, 15",Слаботочные сети,АСКУВТ,Разводка кабеля,7-С5.СБЗ-АСКУВТ,10.07.2026,Есть замечания,"ООО ""Топ ID""",Валерий Семенов,3,3,https://acons-app.ru/api/v1/share/checklist/c6ad9cda-8e4b-454b-8256-24cab4a10c07/,,,Нет,2026-07-17,2026-07-17,"Маркировка кабельных линий, Отклонение от MR BASE, Расстояние между кабельными линиями",
11272,СБ3,К5,"2, 3, 4, 5, 6, 7, 8, 9, 10, 11, 12, 13, 14, 15, 16",Слаботочные сети,АПС,Монтаж оборудования АПС,7-С5.СБЗ-АПС,10.07.2026,Замечания устранены,"ООО ""Топ ID""",Валерий Семенов,0,0,https://acons-app.ru/api/v1/share/checklist/bbf353c6-7e1c-4385-8a50-0d670916afd4/,,,Нет,2026-07-17,2026-07-17,,
11271,СБ3,К1,"18, 19, 20, 21, 22, 23, 24, 25, 26, 27, 28, 29, 30, 31, 32, 33, 34",Слаботочные сети,СОУЭ2,Разводка кабеля,2-С1.СБЗ-СОУЭ2,10.07.2026,Есть замечания,"ООО ""Топ ID""",Валерий Семенов,3,3,https://acons-app.ru/api/v1/share/checklist/bd7c84f3-d7b9-4e43-98c5-53191de7dc73/,,,Нет,2026-07-17,2026-07-17,"Установить кабельные проходки, Монтаж не окончен, Расстояние между кабельными линиями",
11270,СБ3,К1,"30, 31, 32, 33, 34",Слаботочные сети,АСКУЭ,Разводка кабеля,4-С1.СБЗ-АСКУЭ,10.07.2026,Есть замечания,"ООО ""Топ ID""",Валерий Семенов,3,3,https://acons-app.ru/api/v1/share/checklist/3e412b3f-17f7-4659-a42b-da3c3d9d0772/,,,Нет,2026-07-17,2026-07-17,"Согласовать непроектное решение, Расстояние между кабельными линиями, Установить кабельные проходки",
11269,СБ3,К5,"5, 6, 7, 8, 9, 10, 11, 12, 13, 14, 15, 16, 17, 18, 19, 20",Слаботочные сети,АСКУЭ,Разводка кабеля,6-С5.СБЗ-АСКУЭ,10.07.2026,Есть замечания,"ООО ""Топ ID""",Валерий Семенов,3,3,https://acons-app.ru/api/v1/share/checklist/9b511e52-12e2-4ad2-b84d-137a762b9a0b/,,,Нет,2026-07-17,2026-07-17,"Маркировка кабельных линий, Согласовать непроектное решение, Огнезащита отсутствует",
11268,СБ3,К5,"11, 12, 13, 14, 15",Слаботочные сети,УКВ,Разводка кабеля,8-С5.СБЗ-УКВ,10.07.2026,Есть замечания,"ООО ""Топ ID""",Валерий Семенов,2,2,https://acons-app.ru/api/v1/share/checklist/3316c23a-6320-4f7c-8a0f-925c72bef30a/,,,Нет,2026-07-17,2026-07-17,"Маркировка кабельных линий, Расстояние между кабельными линиями",
11267,СБ3,К1,"30, 31, 32, 33, 34",Слаботочные сети,АСКУВТ,Разводка кабеля,4-С1.СБЗ-АСКУВТ,10.07.2026,Есть замечания,"ООО ""Топ ID""",Валерий Семенов,2,2,https://acons-app.ru/api/v1/share/checklist/2fc35517-5102-4c96-b485-5be35780df16/,,,Нет,2026-07-17,2026-07-17,"Кабельные проходки не выполнены, Расстояние между кабельными линиями",
11266,СБ3,К1,"30, 31, 32, 33, 34",Слаботочные сети,СОУЭ1,Разводка кабеля,6-С1.СБЗ-СОУЭ1,10.07.2026,Есть замечания,"ООО ""Топ ID""",Валерий Семенов,3,3,https://acons-app.ru/api/v1/share/checklist/cd3aec2a-23fa-4744-9415-8b313042401d/,,,Нет,2026-07-17,2026-07-17,"Монтаж не окончен, Установить кабельные проходки, Расстояние между кабельными линиями",
11265,СБ3,К1,"30, 31, 32, 33, 34",Слаботочные сети,АПС,Разводка кабеля,6-С1.СБЗ-АПС,10.07.2026,Есть замечания,"ООО ""Топ ID""",Валерий Семенов,4,4,https://acons-app.ru/api/v1/share/checklist/c6113c89-7686-46c7-9279-60c65a6b5262/,,,Нет,2026-07-17,2026-07-17,"Отклонение от РД, Монтаж не окончен, Установить кабельные проходки, Расстояние между кабельными линиями",
11264,СБ3,К5,"2, 3, 4, 5, 6, 7, 8, 9, 10, 11, 12, 13, 14, 15, 16, 17, 18, 19, 20",Слаботочные сети,АСКУВТ,Разводка кабеля,6-С5.СБЗ-АСКУВТ,10.07.2026,Есть замечания,"ООО ""Топ ID""",Валерий Семенов,2,2,https://acons-app.ru/api/v1/share/checklist/9650bcf8-a7dc-4e90-8b25-d205c8f473be/,,,Нет,2026-07-17,2026-07-17,"Маркировка кабельных линий, Огнезащита отсутствует",
11178,СБ3,К5,"12, 13, 14",Слаботочные сети,УКВ,Монтаж оборудования,7-С5-СБЗ.УКВ,09.07.2026,Есть замечания,"ООО ""Топ ID""",Валерий Семенов,1,1,https://acons-app.ru/api/v1/share/checklist/feda07de-a0c6-4527-aa58-ff34aadda9cd/,,,Нет,2026-07-13,2026-07-13,Отклонение от РД,
11177,СБ3,К8,"3, 4, 5, 6, 7, 8, 9, 10, 11, 12, 13",Слаботочные сети,УКВ,Монтаж оборудования,4-С8-СБЗ.УКВ,09.07.2026,Есть замечания,"ООО ""Топ ID""",Валерий Семенов,1,1,https://acons-app.ru/api/v1/share/checklist/d1df0c4b-094c-405f-a9e8-3053ced3c80f/,,,Нет,2026-07-13,2026-07-13,Отклонение от РД,
11176,СБ3,К1,"5, 6, 7, 8, 9, 10, 11, 12, 13, 14, 15",Слаботочные сети,УКВ,Монтаж оборудования,4-С1-СБЗ.УКВ,09.07.2026,Есть замечания,"ООО ""Топ ID""",Валерий Семенов,1,1,https://acons-app.ru/api/v1/share/checklist/fdcf1b58-976a-46ad-8fab-12d9a3e727c8/,,,Нет,2026-07-13,2026-07-13,Отклонение от РД,
11175,СБ3,К6,1,Слаботочные сети,СКС.ТХ,Монтаж оборудования,1-С6-СБЗ.СКС.ТХ,09.07.2026,Замечания устранены,"ООО ""Топ ID""",Валерий Семенов,0,0,https://acons-app.ru/api/v1/share/checklist/d67f4bcf-958a-480a-9f9f-4427a9228115/,,,Нет,2026-07-13,2026-07-17,,
11087,СБ3,К8,"11, 12, 13",Слаботочные сети,УКВ,Разводка кабеля,3-С8-СБЗ.УКВ,26.06.2026,Есть замечания,"ООО ""Топ ID""",Валерий Семенов,3,3,https://acons-app.ru/api/v1/share/checklist/6fec0cc8-c46f-4bb2-8ec1-f27db7d12a8f/,,,Нет,2026-07-07,2026-07-07,"Монтаж не окончен, Отрисовать схему по факту, Маркировка кабельных линий",
11086,СБ3,К1,"5, 6, 7, 8, 9, 10, 11, 12, 13, 14, 15, 16",Слаботочные сети,УКВ,Разводка кабеля,3-С1-СБЗ.УКВ,26.06.2026,Есть замечания,"ООО ""Топ ID""",Валерий Семенов,3,3,https://acons-app.ru/api/v1/share/checklist/8ad118df-97e1-4960-85d8-18863a748858/,,,Нет,2026-07-07,2026-07-07,"Монтаж не окончен, Работы не завершены, Маркировка кабельных линий",
11085,СБ3,К9,"2, 3, 4, 5, 6, 7, 8, 9",Слаботочные сети,УКВ,Разводка кабеля,2-С9-СБЗ.УКВ,26.06.2026,Замечания устранены,"ООО ""Топ ID""",Валерий Семенов,3,0,https://acons-app.ru/api/v1/share/checklist/dd754e4f-1b09-4e1a-9804-f283adee58a7/,,,Нет,2026-07-07,2026-07-07,,"Отсутствует гофра, Работы не завершены, Маркировка кабельных линий"
11084,СБ3,К7,"6, 7, 8",Слаботочные сети,УКВ,Разводка кабеля,2-С7-СБЗ.УКВ,26.06.2026,Есть замечания,"ООО ""Топ ID""",Валерий Семенов,4,4,https://acons-app.ru/api/v1/share/checklist/daa41128-9bcf-4907-b1b4-bc68cb244e3a/,,,Нет,2026-07-07,2026-07-07,"Работы не завершены, Кабельные линии не доведены, Отсутствует гофра, Маркировка кабельных линий",
11174,СБ3,К2,"2, 3, 4",Слаботочные сети,УКВ,Разводка кабеля,1-С2.СБЗ.УКВ,25.06.2026,Есть замечания,"ООО ""Топ ID""",Валерий Семенов,5,5,https://acons-app.ru/api/v1/share/checklist/22c2d672-0869-4c6f-88c5-43ba4e1a4041/,,,Нет,2026-07-13,2026-07-13,"Штробы на домофон, Проходки в квартиры не закреплены, Совместно проложены кабеля, Маркировка кабельных линий, Бухты не заведены в стену",
11158,СБ3,К4,"2, 3, 4, 5, 6, 7, 8, 9, 10",Слаботочные сети,СОУЭ1,Монтаж оборудования системы СОУЭ1,13-С4.СБЗ.СОУЭ1,25.06.2026,Принято,"ООО ""Топ ID""",Валерий Семенов,0,0,https://acons-app.ru/api/v1/share/checklist/21afd2bc-18fa-4b56-b506-54a7477a837e/,,,Нет,2026-07-13,2026-07-13,,
11157,СБ3,К4,17,Слаботочные сети,УКВ,Разводка кабеля,11-С4.СБЗ.УКВ,25.06.2026,Есть замечания,"ООО ""Топ ID""",Валерий Семенов,2,2,https://acons-app.ru/api/v1/share/checklist/d22c1c43-83b0-4930-9a97-0bf2535414ba/,,,Нет,2026-07-13,2026-07-13,"Бирки на ЩСС, Монтаж в зоне Алимак не выполнен",
11156,СБ3,К4,"3, 4, 5, 6, 7, 8, 9, 10, 11, 12, 13, 14, 15, 16",Слаботочные сети,УКВ,Монтаж оборудования,10-С4.СБЗ.УКВ,25.06.2026,Есть замечания,"ООО ""Топ ID""",Валерий Семенов,4,4,https://acons-app.ru/api/v1/share/checklist/5dc563b1-7da1-4191-81f7-77f7a2e5224a/,,,Нет,2026-07-13,2026-07-13,"Нет доступа в помещение, Работы не завершены, Согласовать материалы, Согласовать розетки",
11173,СБ3,Паркинг,-3,Слаботочные сети,СОУЭ1,Разводка кабеля,1-П-СБЗ.СОУЭ1,19.06.2026,Есть замечания,"ООО ""Топ ID""",Валерий Семенов,2,2,https://acons-app.ru/api/v1/share/checklist/c129797e-649e-44da-980f-0390febe1bc4/,,,Нет,2026-07-13,2026-07-13,"Маркировка кабельных линий, Отрисовать схему по факту",
11159,СБ3,К4,"16, 17",Слаботочные сети,АПС,Монтаж оборудования АПС,16-С4-СБЗ.АПС,19.06.2026,Есть замечания,"ООО ""Топ ID""",Валерий Семенов,1,1,https://acons-app.ru/api/v1/share/checklist/11398a76-38f1-4c13-bbbf-798aa281dbe5/,,,Нет,2026-07-13,2026-07-13,Не соответствие MR Base,
11155,СБ3,К5,"5, 6, 7, 8, 9, 10",Слаботочные сети,АСКУЭ,Монтаж оконечных устройств,5-С5-СБЗ.АСКУЭ,19.06.2026,Принято,"ООО ""Топ ID""",Валерий Семенов,0,0,https://acons-app.ru/api/v1/share/checklist/5ba63f9f-c288-4d81-b336-f31ded5dce96/,,,Нет,2026-07-13,2026-07-13,,
11154,СБ3,К5,"5, 6, 7, 8, 9, 10",Слаботочные сети,АСКУВТ,Монтаж оконечных устройств,5_С5-СБЗ.АСКУВТ,19.06.2026,Принято,"ООО ""Топ ID""",Валерий Семенов,0,0,https://acons-app.ru/api/v1/share/checklist/52c0b3ad-a91f-4d10-b99c-cd6a7c2adbb3/,,,Нет,2026-07-13,2026-07-14,,
11153,СБ3,К5,"2, 3, 4, 5, 6, 7, 8, 9",Слаботочные сети,АСКУЭ,Разводка кабеля,4-С5-СБЗ.АСКУЭ,19.06.2026,Принято,"ООО ""Топ ID""",Валерий Семенов,0,0,https://acons-app.ru/api/v1/share/checklist/15cc6c3e-367a-4580-8143-69252a53557a/,,,Нет,2026-07-13,2026-07-13,,
11152,СБ3,К5,"2, 3, 4, 5, 6, 7, 8, 9, 10",Слаботочные сети,АСКУВТ,Разводка кабеля,4-С5-СБЗ.АСКУВТ,19.06.2026,Принято,"ООО ""Топ ID""",Валерий Семенов,0,0,https://acons-app.ru/api/v1/share/checklist/27e449a6-7576-43bd-90ba-b11b3da4bd81/,,,Нет,2026-07-13,2026-07-13,,
11083,СБ3,К2,2,Слаботочные сети,АСКУВТ,Разводка кабеля,1-С2-СБЗ.АСКУВТ,19.06.2026,Принято,"ООО ""Топ ID""",Валерий Семенов,0,0,https://acons-app.ru/api/v1/share/checklist/56f6a794-1e82-4a58-8df3-ac9be0f63354/,,,Нет,2026-07-07,2026-07-07,,
11082,СБ3,К2,2,Слаботочные сети,СОУЭ2,Разводка кабеля,1-С2.СБЗ-СОУЭ2,11.06.2026,Есть замечания,"ООО ""Топ ID""",Валерий Семенов,1,1,https://acons-app.ru/api/v1/share/checklist/2c9c092d-bc45-463e-8ed1-51fabbaf448c/,,,Нет,2026-07-07,2026-07-07,Неправильный монтаж,
11081,СБ3,К2,2,Слаботочные сети,СОУЭ1,"Монтаж оборудования системы СОУЭ1, Разводка кабеля",1-С2.СБЗ-СОУЭ1,11.06.2026,Есть замечания,"ОБЩЕСТВО С ОГРАНИЧЕННОЙ ОТВЕТСТВЕННОСТЬЮ ""АЛЬФА СТРОЙ""",Валерий Семенов,1,1,https://acons-app.ru/api/v1/share/checklist/c8ea3517-dd05-46ef-b9e8-901652a562d5/,,,Нет,2026-07-07,2026-07-07,Неправильный монтаж,
11080,СБ3,К2,2,Слаботочные сети,СКС0,Разводка кабеля,1-С2.СБЗ-СКС.А,11.06.2026,Принято,"ООО ""Топ ID""",Валерий Семенов,0,0,https://acons-app.ru/api/v1/share/checklist/44708d4a-154b-4389-9743-105850c77c29/,,,Нет,2026-07-07,2026-07-07,,
11079,СБ3,К2,2,Слаботочные сети,РТ,Разводка кабеля,1-С2.СБЗ-РТ,11.06.2026,Принято,"ООО ""Топ ID""",Валерий Семенов,0,0,https://acons-app.ru/api/v1/share/checklist/2b080497-44b1-41c7-824b-beda4ac53c4b/,,,Нет,2026-07-07,2026-07-07,,
11078,СБ3,К2,2,Слаботочные сети,АПС,Разводка кабеля,1-С2.СБЗ-АПС,11.06.2026,Есть замечания,"ООО ""Топ ID""",Валерий Семенов,3,3,https://acons-app.ru/api/v1/share/checklist/9407e692-0886-4bea-9572-5928f4d224d5/,,,Нет,2026-07-07,2026-07-07,"Отсутствует РД, Неправильный монтаж, Монтаж не окончен",
10734,СБ3,К2,2,Слаботочные сети,СОУЭ2,Разводка кабеля,1-С2.СБ3-СOУЭ2,11.06.2026,Есть замечания,"ООО ""Топ ID""",Валерий Семенов,1,1,https://acons-app.ru/api/v1/share/checklist/bc1cb76d-db3f-43ad-b1b3-e048384e1b65/,,,Нет,2026-06-20,2026-06-20,Неправильный монтаж,
10733,СБ3,К2,2,Слаботочные сети,СОУЭ1,Разводка кабеля,1-С2.СБ3-СОУЭ1,11.06.2026,Есть замечания,"ООО ""Глобал МЭП""",Валерий Семенов,1,1,https://acons-app.ru/api/v1/share/checklist/13c00e8f-cc92-4248-840f-084f26f5b82d/,,,Нет,2026-06-20,2026-06-20,Ошибка в монтаже,
10732,СБ3,К2,2,Слаботочные сети,СКС0,Разводка кабеля,1-С2.СБЗ-СКС.А,11.06.2026,Принято,"ООО ""Топ ID""",Валерий Семенов,0,0,https://acons-app.ru/api/v1/share/checklist/c51625af-29c3-4951-972a-86b6fe3caf94/,,,Нет,2026-06-20,2026-06-20,,
10730,СБ3,К2,2,Слаботочные сети,АПС,Разводка кабеля,1-С2.СБЗ-АПС,11.06.2026,Есть замечания,"ООО ""Топ ID""",Валерий Семенов,3,3,https://acons-app.ru/api/v1/share/checklist/22e7530a-a8cc-4cf0-a29a-efe48debd139/,,,Нет,2026-06-20,2026-06-20,"Отсутствует РД, Неправильный монтаж, Монтаж не окончен",
10753,СБ3,Паркинг,-1,Слаботочные сети,АПС,Монтаж оборудования АПС,ЧЛ С4.АПС.0626-02,10.06.2026,Есть замечания,"ООО ""Интеллект Строй""",Валерий Семенов,1,1,https://acons-app.ru/api/v1/share/checklist/704f5cde-5371-4dee-9881-8e0f2499e334/,,,Нет,2026-06-20,2026-07-14,Согласовать расстановку оборудования,
10748,СБ3,Паркинг,-1,Слаботочные сети,АПС,Монтаж оборудования АПС,ЧЛ С2.АПС.0626-02,10.06.2026,Есть замечания,"ООО ""Интеллект Строй""",Валерий Семенов,1,1,https://acons-app.ru/api/v1/share/checklist/99935931-cc6d-4b00-bec0-6979d8003321/,,,Нет,2026-06-20,2026-06-20,Монтаж не окончен,
10737,СБ3,Паркинг,-1,Слаботочные сети,СОУЭ1,"Монтаж оборудования системы СОУЭ1, Разводка кабеля",ЧЛ П.СОУЭ1.0626-01,10.06.2026,Принято,"ООО ""Интеллект Строй""",Валерий Семенов,0,0,https://acons-app.ru/api/v1/share/checklist/b05aa0ad-bc2d-46e0-a335-49acb5a83744/,,,Нет,2026-06-20,2026-06-20,,
10736,СБ3,Паркинг,-1,Слаботочные сети,АПС,Монтаж оборудования АПС,ЧЛ П.АПС.0626-01,10.06.2026,Есть замечания,"ООО ""Интеллект Строй""",Валерий Семенов,1,1,https://acons-app.ru/api/v1/share/checklist/2a891f28-f690-4338-ba23-6ee4caea9a29/,,,Нет,2026-06-20,2026-06-20,Неправильный монтаж,
10754,СБ3,К4,2,Слаботочные сети,УД,Разводка кабеля,ЧЛ С4.УД.0626-01,09.06.2026,Есть замечания,"ООО ""Интеллект Строй""",Валерий Семенов,2,2,https://acons-app.ru/api/v1/share/checklist/a8924ae7-0722-4b9a-bf53-053c4cd5a05d/,,,Нет,2026-06-20,2026-06-20,"Маркировка кабельных линий, Монтаж не окончен",
10752,СБ3,К4,2,Слаботочные сети,АПС,Разводка кабеля,ЧЛ С4.АПС.0626-01,09.06.2026,Есть замечания,"ООО ""Интеллект Строй""",Валерий Семенов,1,1,https://acons-app.ru/api/v1/share/checklist/9dec4bfd-e7b1-4fcb-bbdc-93a8317c1ef9/,,,Нет,2026-06-20,2026-06-20,Монтаж не окончен,
10751,СБ3,К3,2,Слаботочные сети,УД,Разводка кабеля,ЧЛ С3.УД.0626-01,09.06.2026,Есть замечания,"ООО ""Интеллект Строй""",Валерий Семенов,2,2,https://acons-app.ru/api/v1/share/checklist/5d0b8a93-8830-49b9-b4c8-92dc485d8387/,,,Нет,2026-06-20,2026-06-20,"Маркировка кабельных линий, Монтаж не окончен",
10750,СБ3,К3,2,Слаботочные сети,АПС,Разводка кабеля,ЧЛ С3.АПС.0626-01,09.06.2026,Есть замечания,"ООО ""Интеллект Строй""",Валерий Семенов,2,2,https://acons-app.ru/api/v1/share/checklist/77e65437-6a37-4964-a6f5-e622e7e800aa/,,,Нет,2026-06-20,2026-06-20,"Отрисовать схему по факту, Выполнить проходку кабельных линий",
10749,СБ3,К2,2,Слаботочные сети,УД,Разводка кабеля,ЧЛ С2.УД.0626-01,09.06.2026,Есть замечания,"ООО ""Интеллект Строй""",Валерий Семенов,2,2,https://acons-app.ru/api/v1/share/checklist/08b2a84e-e8f6-4f2d-994e-423ab4125705/,,,Нет,2026-06-20,2026-06-20,"Монтаж не окончен, Маркировка кабельных линий",
10747,СБ3,К2,2,Слаботочные сети,АПС,Разводка кабеля,ЧЛ С2.АПС.0626-01,09.06.2026,Есть замечания,"ООО ""Интеллект Строй""",Валерий Семенов,2,2,https://acons-app.ru/api/v1/share/checklist/a3ecabf6-1901-4195-b0bd-78b868d3ed2c/,,,Нет,2026-06-20,2026-06-20,"Монтаж не окончен, Маркировка кабельных линий",
10746,СБ3,К1,2,Слаботочные сети,УД,Разводка кабеля,ЧЛ С1.УД.0626-01,08.06.2026,Есть замечания,"ООО ""Интеллект Строй""",Валерий Семенов,1,1,https://acons-app.ru/api/v1/share/checklist/62443438-edd3-43a0-9086-70f017ec43ad/,,,Нет,2026-06-20,2026-06-20,Маркировка кабельных линий,
10745,СБ3,К1,"-3, -2, -1, 1, 1.1, 2, 3, 4, 5, 6, 7, 8, 9",Слаботочные сети,СОУЭ2,Разводка кабеля,ЧЛ С1.СОУЭ2.0626-01,08.06.2026,Есть замечания,"ООО ""Интеллект Строй""",Валерий Семенов,1,1,https://acons-app.ru/api/v1/share/checklist/33d67a1a-f915-42c3-ad43-06658ce1151e/,,,Нет,2026-06-20,2026-06-20,Монтаж не окончен,
10744,СБ3,К1,"1, 1.1, 2",Слаботочные сети,СОУЭ1,Разводка кабеля,ЧЛ С1.СОУЭ1.0626-01,08.06.2026,Есть замечания,"ООО ""Интеллект Строй""",Валерий Семенов,1,1,https://acons-app.ru/api/v1/share/checklist/0507846c-61c0-431e-9cb4-5e87bef05cad/,,,Нет,2026-06-20,2026-06-20,Не выполнены гильзы,
10743,СБ3,К1,"1, 1.1",Слаботочные сети,СКС2,Разводка кабеля,ЧЛ С1.СКС2.0626-01,08.06.2026,Есть замечания,"ООО ""Интеллект Строй""",Валерий Семенов,1,1,https://acons-app.ru/api/v1/share/checklist/fb48f1ae-8688-4b29-888d-08367a4b8ac1/,,,Нет,2026-06-20,2026-06-20,Маркировка кабельных линий,
10742,СБ3,К1,"1, 1.1, 2",Слаботочные сети,СКС1,Разводка кабеля,ЧЛ С1.СКС1.0626-01,08.06.2026,Есть замечания,"ООО ""Интеллект Строй""",Валерий Семенов,1,1,https://acons-app.ru/api/v1/share/checklist/e2c69fd0-a5d9-45b6-8d15-ee4a266ec8f1/,,,Нет,2026-06-20,2026-06-20,Маркировка кабельных линий,
10741,СБ3,К1,1,Слаботочные сети,РФ,Разводка кабеля,ЧЛ С1.РФ.0626-01,08.06.2026,Есть замечания,"ООО ""Глобал МЭП""",Валерий Семенов,1,1,https://acons-app.ru/api/v1/share/checklist/3564cb08-3aff-4910-b26d-0fc20fa88d12/,,,Нет,2026-06-20,2026-06-20,Бухта не проложена,
10740,СБ3,К1,2,Слаботочные сети,АСКУВТ,Разводка кабеля,ЧЛ С1.АСКУВТ.0626-01,08.06.2026,Замечания устранены,"ООО ""Интеллект Строй""",Валерий Семенов,2,0,https://acons-app.ru/api/v1/share/checklist/46d23989-3139-4118-a51b-8494b882a9f3/,,,Нет,2026-06-20,2026-06-20,,"Нет гильз, Маркировка кабельных линий"
10739,СБ3,К1,2,Слаботочные сети,АПС,Разводка кабеля,ЧЛ С1.АПС.0626-02,08.06.2026,Есть замечания,"ООО ""Интеллект Строй""",Валерий Семенов,1,1,https://acons-app.ru/api/v1/share/checklist/3eb9c036-1daa-4e1b-a759-1f1e105cd30e/,,,Нет,2026-06-20,2026-06-20,Отрисовать схему по факту,
10738,СБ3,К1,"1, 1.1, 2",Слаботочные сети,АПС,Разводка кабеля,ЧЛ С1.АПС.0626-01,08.06.2026,Есть замечания,"ООО ""Интеллект Строй""",Валерий Семенов,1,1,https://acons-app.ru/api/v1/share/checklist/007cdc30-a364-434e-b288-a20ff806877b/,,,Нет,2026-06-20,2026-06-20,Монтаж не окончен,
10615,СБ3,К5,"2, 4, 5, 6, 7, 8, 9, 10",Слаботочные сети,АПС,Монтаж оконечных устройств,"С5 АПС 2, 4-10 оборудование МОП",08.06.2026,Есть замечания,"ООО ""Топ ID""",Артём Куценко,0,0,https://acons-app.ru/api/v1/share/checklist/034e4060-077e-45a6-b458-fb13d4e45e2a/,,,Нет,2026-06-08,2026-06-08,,
10609,СБ3,К1,"5, 9, 11, 12, 13, 14, 15, 16",Слаботочные сети,СОУЭ1,Монтаж оконечных устройств,"С1 СОУЭ1, 5, 9, 11-16 оборудование МОП квю",08.06.2026,Есть замечания,"ООО ""Топ ID""",Артём Куценко,0,0,https://acons-app.ru/api/v1/share/checklist/b18f8755-8b6f-41a3-becc-03b495002d12/,,,Нет,2026-06-08,2026-06-08,,
10735,СБ3,Паркинг,-1,Слаботочные сети,АПС,Монтаж оборудования АПС,4-П.СБЗ-АПС,05.06.2026,Есть замечания,"ООО ""Топ ID""",Валерий Семенов,2,2,https://acons-app.ru/api/v1/share/checklist/8d2a6da9-2cd8-47ee-abca-5cc17f8f7474/,,,Нет,2026-06-20,2026-07-13,"Неправильный монтаж, Отсутствует РД",
10614,СБ3,К5,"2, 4, 5, 6, 7, 8, 9, 10",Слаботочные сети,СОУЭ1,Монтаж оконечных устройств,"С5 СОУЭ1 2, 4-10эт оборудование",05.06.2026,Принято,"ООО ""Топ ID""",Артём Куценко,0,0,https://acons-app.ru/api/v1/share/checklist/bd862630-107d-4051-b9c2-a7ba5021e9e0/,,надо  сходить подписать  у СРД.,Нет,2026-06-08,2026-06-08,,
10613,СБ3,К5,"2, 3, 4, 5, 6, 7, 8, 9, 10, 11, 12, 13, 14, 15",Слаботочные сети,РФ,"Монтаж оконечных устройств, Разводка кабеля",С5 РТ 2-15эт. кабель + коробки,05.06.2026,Есть замечания,"ООО ""Топ ID""",Артём Куценко,0,0,https://acons-app.ru/api/v1/share/checklist/a4c267c9-06cd-4ba9-b6a4-f5b9253fdb57/,,,Нет,2026-06-08,2026-06-08,,
10612,СБ3,К5,"2, 4, 5, 6, 7, 8, 9, 10",Слаботочные сети,СОУЭ2,Монтаж оконечных устройств,"С5 СОУЭ2 2, 4-10эт оборудование",05.06.2026,Есть замечания,"ООО ""Топ ID""",Артём Куценко,0,0,https://acons-app.ru/api/v1/share/checklist/e313e4e8-d6e5-4ff0-8431-d2cb21bfcec8/,,,Нет,2026-06-08,2026-06-08,,
10611,СБ3,К5,"2, 3, 4, 5, 6, 7, 8, 9, 10",Слаботочные сети,СОТС,Монтаж оконечных устройств,С5 СОТС 2- 10эт оборудование,05.06.2026,Есть замечания,"ООО ""Топ ID""",Артём Куценко,0,0,https://acons-app.ru/api/v1/share/checklist/6e7e169b-a87a-459f-b483-93a4bd3ac1e1/,,,Нет,2026-06-08,2026-06-08,,
10610,СБ3,К4,"3, 4, 5, 6, 7, 8, 9, 10, 11, 12, 13, 14, 15, 16",Слаботочные сети,СОТС,Монтаж оконечных устройств,С4 СОТС 3-16эт. МОП оборудование,05.06.2026,Есть замечания,"ООО ""Топ ID""",Артём Куценко,0,0,https://acons-app.ru/api/v1/share/checklist/f3b292be-2da4-4ef3-aa18-9ce6a83dc87b/,,,Нет,2026-06-08,2026-06-08,,
10608,СБ3,К1,"11, 12, 13, 14, 15, 16",Слаботочные сети,АПС,Монтаж оконечных устройств,С1 АПС Оборудование  кв. МОП11-16эт.,05.06.2026,Есть замечания,"ООО ""Топ ID""",Артём Куценко,0,0,https://acons-app.ru/api/v1/share/checklist/3b602cef-3048-44d1-829f-f4820d955691/,,,Нет,2026-06-08,2026-06-08,,
10601,СБ3,Паркинг,"-3, -2, -1",Слаботочные сети,СОУЭ2,Разводка кабеля,"СОУЭ2 Паркинг -1, -2, -3 эт.",29.05.2026,Есть замечания,"ООО ""Топ ID""",Артём Куценко,0,0,https://acons-app.ru/api/v1/share/checklist/0db1ab26-7324-4b23-82d7-1c47592eb300/,,,Нет,2026-06-01,2026-06-01,,
10461,СБ3,К4,"11, 12, 13, 14, 15, 16, 17",Слаботочные сети,АПС,Разводка кабеля,С4 АПС 11-17 эт кабель квартиры,22.05.2026,Есть замечания,"ООО ""Топ ID""",Артём Куценко,0,0,https://acons-app.ru/api/v1/share/checklist/555b4710-abd4-409b-a323-8dd6a62ba5dd/,,,Нет,2026-05-25,2026-05-25,,
10460,СБ3,К4,"10, 11, 12, 13, 14, 15, 16, 17",Слаботочные сети,СОУЭ2,Разводка кабеля,С4 СОУЭ2 10-17эт.,22.05.2026,Есть замечания,"ООО ""Топ ID""",Артём Куценко,0,0,https://acons-app.ru/api/v1/share/checklist/650f42eb-d5ec-47a0-8d73-3ae4fbe9301f/,,,Нет,2026-05-25,2026-05-25,,
10459,СБ3,К4,"14, 15, 16, 17",Слаботочные сети,СОТС,Разводка кабеля,С4 СОТС 14-17 эт,22.05.2026,Есть замечания,"ООО ""Топ ID""",Артём Куценко,0,0,https://acons-app.ru/api/v1/share/checklist/588c0beb-0040-4599-a7bf-8172e9ae6b74/,,,Нет,2026-05-25,2026-05-25,,
10428,СБ3,К8,"2, 3, 4, 5, 6, 7, 8, 9, 10, 11, 12, 13, 14, 15, 16, 17, 18, 19, 20, 21, 22",Слаботочные сети,СКК,Разводка кабеля,С8 СС.КК 2-22эт,15.05.2026,Есть замечания,"ООО ""Топ ID""",Артём Куценко,0,0,https://acons-app.ru/api/v1/share/checklist/5a4c87ef-237c-4d15-b67c-46403efce769/,,,Нет,2026-05-20,2026-05-20,,
10015,СБ3,К8,"13, 14, 15, 16, 17, 18, 19, 20, 21, 22, 23, 24, 25, 26, 27, 28, 29, 30",Слаботочные сети,СОУЭ1,Разводка кабеля,С8 СОУЭ1 13-30эт. моп+кв. кабель,08.05.2026,Есть замечания,"ООО ""Топ ID""",Артём Куценко,0,0,https://acons-app.ru/api/v1/share/checklist/baa158e2-92d5-4e5c-a16a-22c1523b491e/,,,Нет,2026-05-12,2026-05-12,,
10014,СБ3,К8,"17, 18, 19, 20, 21, 22, 23, 24, 25, 26, 27, 28, 29, 30",Слаботочные сети,СС,Разводка кабеля,С8 СКС-А 17-30эт. МОП+Кв.,08.05.2026,Есть замечания,"ООО ""Топ ID""",Артём Куценко,0,0,https://acons-app.ru/api/v1/share/checklist/f5cff4df-5e13-41bc-aa58-45edaf41f480/,,,Нет,2026-05-12,2026-05-12,,
10013,СБ3,К8,"17, 18, 19, 20, 21, 22, 23, 24, 25, 26, 27, 28, 29, 30",Слаботочные сети,РФ,Разводка кабеля,С8 РТ 17-30эт моп кабель,08.05.2026,Есть замечания,"ООО ""Топ ID""",Артём Куценко,0,0,https://acons-app.ru/api/v1/share/checklist/4e941b91-d7b4-47d6-8a24-3543c1d52809/,,,Нет,2026-05-12,2026-05-12,,
10012,СБ3,К8,"18, 19, 20, 21, 22, 23, 24, 25, 26, 27, 28, 29, 30",Слаботочные сети,АСКУВТ,Разводка кабеля,С8 АСКУВТ 18-30 эт. Моп кабель,08.05.2026,Есть замечания,"ООО ""Топ ID""",Артём Куценко,0,0,https://acons-app.ru/api/v1/share/checklist/4de5b9e4-ac83-4fb1-b5b9-da01da373f3a/,,,Нет,2026-05-12,2026-05-12,,
10011,СБ3,К8,"18, 19, 20, 21, 22, 23, 24, 25, 26, 27, 28, 29, 30",Слаботочные сети,СОУЭ2,Разводка кабеля,С8 СОУЭ2 18-30 эт МОП кабель,08.05.2026,Есть замечания,"ООО ""Топ ID""",Артём Куценко,0,0,https://acons-app.ru/api/v1/share/checklist/7a367a28-3050-47e7-84d1-8e2b43ad6134/,,,Нет,2026-05-12,2026-05-12,,
9956,СБ3,К4,"3, 4, 5, 6, 7, 8, 9, 10, 11, 12, 13, 14, 15, 16, 17",Слаботочные сети,СКС0,Разводка кабеля,С4 СКС.О 3-17эт.,05.05.2026,Есть замечания,"ООО ""Топ ID""",Артём Куценко,0,0,https://acons-app.ru/api/v1/share/checklist/60569041-81b9-4cd9-a2a2-023ca5c4e80c/,,,Нет,2026-05-05,2026-05-05,,
9977,СБ3,К5,"4, 5, 6, 7, 8, 9, 10",Слаботочные сети,УД,Разводка кабеля,С5 УКВ 4-10эт оборудован,30.04.2026,Есть замечания,"ООО ""Топ ID""",Артём Куценко,0,0,https://acons-app.ru/api/v1/share/checklist/ec7b1cc3-cc40-4824-a14e-1052d982ef36/,,,Нет,2026-05-05,2026-05-05,,
9976,СБ3,К5,"4, 5, 6, 7, 8, 9, 10",Слаботочные сети,РФ,Монтаж оконечных устройств,С5 РТ 4-10эт оборудован моп+кв,30.04.2026,Есть замечания,"ООО ""Топ ID""",Артём Куценко,0,0,https://acons-app.ru/api/v1/share/checklist/afde7071-02b0-4586-b6e0-9fe395fbd402/,,,Нет,2026-05-05,2026-05-05,,
9975,СБ3,К4,"1.1, 2, 3, 4, 5, 6, 7, 8, 9, 10, 11, 12, 13, 14, 15, 16, 17",Слаботочные сети,РФ,Разводка кабеля,"С4 РТ вертикаль тех эт, 2-17эт моп +кв",30.04.2026,Есть замечания,"ООО ""Топ ID""",Артём Куценко,0,0,https://acons-app.ru/api/v1/share/checklist/a8817462-e81f-41dc-8841-5f6245795fe3/,,,Нет,2026-05-05,2026-05-05,,
9974,СБ3,К8,"18, 19, 20, 21, 22, 23, 24, 25, 26, 27, 28, 29, 30",Слаботочные сети,АСКУЭ,Разводка кабеля,С8 АСКУЭ 18-30эт,30.04.2026,Есть замечания,"ООО ""Топ ID""",Артём Куценко,0,0,https://acons-app.ru/api/v1/share/checklist/d784f8c2-7537-4881-852f-61feab7f7637/,,,Нет,2026-05-05,2026-05-05,,
9973,СБ3,К7,"2, 3, 4, 5, 6, 7, 8, 9, 10, 11, 12, 13, 14, 15, 16, 17, 18, 19, 20, 21, 22, 23, 24, 25, 26",Слаботочные сети,СКК,Разводка кабеля,С7 СС.КК 2-26эт лоток,30.04.2026,Есть замечания,"ООО ""Топ ID""",Артём Куценко,0,0,https://acons-app.ru/api/v1/share/checklist/b2f96d36-04a1-43d6-94bf-39fa2800bb2b/,,,Нет,2026-05-05,2026-05-05,,
9972,СБ3,К7,"2, 3, 4, 5, 6, 7, 8, 9, 10",Слаботочные сети,СОУЭ2,Разводка кабеля,С7 СОУЭ2 2-10эт моп,30.04.2026,Есть замечания,"ООО ""Топ ID""",Артём Куценко,0,0,https://acons-app.ru/api/v1/share/checklist/9cefd7a4-6997-474d-9c71-bbbd9a080b7e/,,,Нет,2026-05-05,2026-05-05,,
9971,СБ3,К7,"2, 3, 4, 5, 6, 7, 8, 9, 10",Слаботочные сети,СС,Разводка кабеля,С7 СКС.А 2-10эт моп+кв,30.04.2026,Есть замечания,"ООО ""Топ ID""",Артём Куценко,0,0,https://acons-app.ru/api/v1/share/checklist/8f3f7a65-db1a-410a-bfb7-7792b123f765/,,,Нет,2026-05-05,2026-05-05,,
9970,СБ3,К7,"2, 3, 4, 5, 6, 7, 8, 9, 10",Слаботочные сети,РФ,Разводка кабеля,С7 РТ 2-10эт моп+кв,30.04.2026,Есть замечания,"ООО ""Топ ID""",Артём Куценко,0,0,https://acons-app.ru/api/v1/share/checklist/409b5ee4-7b62-4d73-aa22-6c65c32759d0/,,,Нет,2026-05-05,2026-05-05,,
9969,СБ3,К7,"2, 3, 4, 5, 6, 7, 8, 9, 10",Слаботочные сети,АСКУЭ,Разводка кабеля,С7 АСКУЭ 2-10 эт,30.04.2026,Есть замечания,"ООО ""Топ ID""",Артём Куценко,0,0,https://acons-app.ru/api/v1/share/checklist/08bd0807-a1fe-4d6b-b701-8193df9368c7/,,,Нет,2026-05-05,2026-05-05,,
9968,СБ3,К7,"2, 3, 4, 5, 6, 7, 8, 9, 10",Слаботочные сети,АСКУВТ,Разводка кабеля,С7 АСКУВТ 2-10эт Моп+кв,30.04.2026,Есть замечания,"ООО ""Топ ID""",Артём Куценко,0,0,https://acons-app.ru/api/v1/share/checklist/98c46a66-2102-41b9-bb14-93a31fca0e2c/,,,Нет,2026-05-05,2026-05-05,,
9967,СБ3,К1,"2, 3, 5, 6, 7, 8, 9, 10, 11, 12, 13, 14, 15, 16, 17",Слаботочные сети,СОТС,Разводка кабеля,"С1 СОТС 2-3эт, 5-17эт.",24.04.2026,Есть замечания,"ООО ""Топ ID""",Артём Куценко,0,0,https://acons-app.ru/api/v1/share/checklist/24d5184b-83d4-43b0-bf11-091ea974f26e/,,,Нет,2026-05-05,2026-05-05,,
9965,СБ3,К1,"18, 19, 20, 21, 22, 23, 24, 25, 26, 27, 28, 29",Слаботочные сети,АПС,Разводка кабеля,С1 АПС 18-29эт.,24.04.2026,Есть замечания,"ООО ""Топ ID""",Артём Куценко,0,0,https://acons-app.ru/api/v1/share/checklist/196e2219-f021-47b9-9081-863011f10082/,,,Нет,2026-05-05,2026-05-05,,
9964,СБ3,К1,"2, 3, 4, 5, 6, 7, 8, 9, 10, 11, 12, 13, 14, 15, 16, 17",Слаботочные сети,СКК,Разводка кабеля,С1 СС.КК 2-17эт.,24.04.2026,Есть замечания,"ООО ""Топ ID""",Артём Куценко,0,0,https://acons-app.ru/api/v1/share/checklist/cc71eb6f-d829-436a-bead-6e3e4c20215d/,,,Нет,2026-05-05,2026-05-05,,
9963,СБ3,К1,"2, 3, 4, 5, 6, 7, 8, 9, 10, 11, 12, 13, 14, 15, 16, 17",Слаботочные сети,СОУЭ2,Разводка кабеля,С1 СОУЭ2 2-17эт. МОП,24.04.2026,Есть замечания,"ООО ""Топ ID""",Артём Куценко,0,0,https://acons-app.ru/api/v1/share/checklist/10f0e5f0-d579-4e73-9bee-627c3cb8c094/,,,Нет,2026-05-05,2026-05-05,,
9962,СБ3,К11,"2, 3, 4, 5, 6, 7, 8, 9, 11, 12, 13, 14",Слаботочные сети,СОУЭ1,Разводка кабеля,"С11 СОУЭ1 2-9эт, 11-14эт",17.04.2026,Есть замечания,"ООО ""Топ ID""",Артём Куценко,0,0,https://acons-app.ru/api/v1/share/checklist/d1db1b63-b0bb-47ea-bcd6-ba7b13cd1818/,,,Нет,2026-05-05,2026-05-05,,
9961,СБ3,К11,2,Слаботочные сети,СС,Разводка кабеля,С11 СКС.А 2эт.,17.04.2026,Есть замечания,"ООО ""Топ ID""",Артём Куценко,0,0,https://acons-app.ru/api/v1/share/checklist/04bc261b-549b-4741-ab82-7d0625771ef1/,,,Нет,2026-05-05,2026-05-05,,
9960,СБ3,К11,2,Слаботочные сети,РФ,Разводка кабеля,С11 РТ  2эт.,17.04.2026,Есть замечания,"ООО ""Топ ID""",Артём Куценко,0,0,https://acons-app.ru/api/v1/share/checklist/036335c4-7707-4659-9930-7b692d251a78/,,,Нет,2026-05-05,2026-05-05,,
9959,СБ3,К11,"3, 4, 5, 6, 7, 8, 9, 11, 12, 13",Слаботочные сети,АСКУЭ,Разводка кабеля,"С11 АСКУЭ 3-9эт, 11-13эт",17.04.2026,Есть замечания,"ООО ""Топ ID""",Артём Куценко,0,0,https://acons-app.ru/api/v1/share/checklist/d0b9247d-3a14-4c6e-a019-50a30dbf5f3d/,,,Нет,2026-05-05,2026-05-05,,
9958,СБ3,К11,"3, 4, 5, 6, 7, 8, 9, 11, 12, 13",Слаботочные сети,АСКУВТ,Разводка кабеля,"С11 АСКУВТ 3-9эт, 11-13эт",17.04.2026,Есть замечания,"ООО ""Топ ID""",Артём Куценко,0,0,https://acons-app.ru/api/v1/share/checklist/8dcfac34-6789-43a3-ad3e-a8be595dc7f1/,,,Нет,2026-05-05,2026-05-05,,
9957,СБ3,К11,"2, 3, 4, 5, 6, 7, 8, 9, 11, 12, 13, 14",Слаботочные сети,АПС,Разводка кабеля,"С11 АПС 2-9эт, 11-14 эт МОП",17.04.2026,Есть замечания,"ООО ""Топ ID""",Артём Куценко,0,0,https://acons-app.ru/api/v1/share/checklist/439f1328-c8ad-4500-8fc3-4ed1982f23fa/,,,Нет,2026-05-05,2026-05-05,,
9955,СБ3,К8,"2, 3, 4, 5, 6, 7, 8, 9, 10, 11, 12, 13, 14, 15, 16, 17",Слаботочные сети,СКС0,Разводка кабеля,С8 СКС.О 2-17эт.,17.04.2026,Есть замечания,"ООО ""Топ ID""",Артём Куценко,0,0,https://acons-app.ru/api/v1/share/checklist/66f12cb3-6068-4ba1-a0c0-4004cc49da44/,,,Нет,2026-05-05,2026-05-05,,
9954,СБ3,К1,"2, 3, 4, 5, 6, 7, 8, 9, 10, 11, 12, 13, 14, 15, 16, 17",Слаботочные сети,СКС0,Разводка кабеля,С1 СКС.О 2-17 эт.,17.04.2026,Есть замечания,"ООО ""Топ ID""",Артём Куценко,0,0,https://acons-app.ru/api/v1/share/checklist/f4aff134-1a11-4114-9435-afd846edc721/,,,Нет,2026-05-05,2026-05-05,,
9520,СБ3,К5,"11, 12, 13, 14, 15, 16, 17, 18",Слаботочные сети,УД,Разводка кабеля,С5 УКВ 11-18 эт.,13.04.2026,Есть замечания,"ООО ""Топ ID""",Алексей Строев,0,0,https://acons-app.ru/api/v1/share/checklist/7160846c-67d4-4185-b2db-de36367dd414/,,,Нет,2026-04-13,2026-04-13,,
9518,СБ3,К5,"11, 12, 13, 14, 15, 16, 17, 18, 19, 20",Слаботочные сети,СОУЭ2,Разводка кабеля,С5 СОУЭ2 11-20эт,13.04.2026,Есть замечания,"ООО ""Топ ID""",Алексей Строев,0,0,https://acons-app.ru/api/v1/share/checklist/a228abce-d115-4cb2-8722-ec73271eba21/,,,Нет,2026-04-13,2026-04-13,,
9515,СБ3,К5,"11, 12, 13, 14, 15, 16, 17, 18, 19, 20",Слаботочные сети,АСКУВТ,Разводка кабеля,С5 АСКУЭ,13.04.2026,Есть замечания,"ООО ""Топ ID""",Алексей Строев,0,0,https://acons-app.ru/api/v1/share/checklist/b4fb4af5-ea0a-4030-947e-bacfa1208978/,,,Нет,2026-04-13,2026-04-13,,
9514,СБ3,К5,"11, 12, 13, 14, 15, 16, 17, 18, 19, 20",Слаботочные сети,СКС2,Разводка кабеля,С5 АСКУВТ 11-20 эт.,13.04.2026,Есть замечания,"ООО ""Топ ID""",Алексей Строев,0,0,,,,Нет,2026-04-13,2026-04-13,,
9509,СБ3,Паркинг,-3,Слаботочные сети,АСКЗ,Разводка кабеля,№1_П-СБЗ.АСКЗ -3 эт.,13.04.2026,Есть замечания,"ООО ""Топ ID""",Алексей Строев,0,0,https://acons-app.ru/api/v1/share/checklist/9f5b162f-014c-461f-b097-803c893c30d7/,,,Нет,2026-04-13,2026-04-15,,
9508,СБ3,Паркинг,-3,Слаботочные сети,АСКЗ,Разводка кабеля,№1_П-СБЗ.АСКЗ -3 эт.,13.04.2026,Есть замечания,"ООО ""Топ ID""",Алексей Строев,0,0,,,,Нет,2026-04-13,2026-04-13,,
9506,СБ3,Паркинг,-3,Слаботочные сети,АСКЗ,Разводка кабеля,1-П.СБ3-АСКЗ,13.04.2026,Есть замечания,"ООО ""Топ ID""",Мария Инженерова,0,0,,,,Нет,2026-04-13,2026-04-13,,
9521,СБ3,К5,"11, 12, 13, 14, 15, 16, 17, 18, 19, 20",Слаботочные сети,АПС,Разводка кабеля,С5 АПС 11-20 эт.,10.04.2026,Есть замечания,"ООО ""Топ ID""",Алексей Строев,0,0,https://acons-app.ru/api/v1/share/checklist/70cf2783-4f28-472f-bd0a-719014cca8aa/,,,Нет,2026-04-13,2026-04-13,,
9519,СБ3,К5,"11, 12, 13, 14, 15, 16, 17, 18, 19, 20",Слаботочные сети,СОУЭ1,Разводка кабеля,С5 СОУЭ1 11-20эт.,10.04.2026,Есть замечания,"ООО ""Топ ID""",Алексей Строев,0,0,https://acons-app.ru/api/v1/share/checklist/c400bf7e-cd41-46b8-93c2-133370f31de4/,,,Нет,2026-04-13,2026-04-13,,
9517,СБ3,К5,"11, 12, 13, 14, 15, 16, 17, 18, 19, 20",Слаботочные сети,РФ,Разводка кабеля,С5 РТ 11-20 эт,10.04.2026,Есть замечания,"ООО ""Топ ID""",Алексей Строев,0,0,https://acons-app.ru/api/v1/share/checklist/32aec4d3-3efc-4e5c-b92a-9632d223e1ea/,,,Нет,2026-04-13,2026-04-13,,
9516,СБ3,К5,"11, 12, 13, 14, 15, 16, 17, 18, 19, 20",Слаботочные сети,АСКУЭ,Разводка кабеля,С5 АСКУЭ 11-20эт,10.04.2026,Есть замечания,"ООО ""Топ ID""",Алексей Строев,0,0,https://acons-app.ru/api/v1/share/checklist/7de0974c-1c66-4748-80f8-a8851ef2cac9/,,,Нет,2026-04-13,2026-04-13,,
9513,СБ3,К5,"11, 12, 13, 14, 15, 16, 17, 18, 19, 20",Слаботочные сети,СКС2,Разводка кабеля,"С5 СКС.О 2, 4-20 эт.",10.04.2026,Есть замечания,"ООО ""Топ ID""",Алексей Строев,0,0,https://acons-app.ru/api/v1/share/checklist/ac46bee1-a079-4008-b8c8-deca23953440/,,,Нет,2026-04-13,2026-04-13,,
9512,СБ3,К5,"11, 12, 13, 14, 15, 16, 17, 18, 19, 20",Слаботочные сети,СС,Разводка кабеля,С5 СКС.А 11-20 эт.,10.04.2026,Есть замечания,"ООО ""Топ ID""",Алексей Строев,0,0,https://acons-app.ru/api/v1/share/checklist/4b221ae8-d943-4a3f-93f4-e16b9f7979a1/,,,Нет,2026-04-13,2026-04-13,,
9511,СБ3,К5,"11, 12, 13, 14, 15, 16, 17, 18, 19, 20",Слаботочные сети,СОТС,Разводка кабеля,С5 СОТС 11-20 эт.,10.04.2026,Есть замечания,"ООО ""Топ ID""",Алексей Строев,0,0,https://acons-app.ru/api/v1/share/checklist/9e47245c-2e96-45a0-beac-c3843c850a3b/,,,Нет,2026-04-13,2026-04-13,,
9505,СБ3,Паркинг,-3,Слаботочные сети,АСКЗ,Разводка кабеля,№1_П-СБЗ.АСКЗ -3 эт.,27.03.2026,Есть замечания,"ООО ""Топ ID""",Алексей Строев,0,0,,,,Нет,2026-04-13,2026-04-13,,
9504,СБ3,Паркинг,-3,Слаботочные сети,АСКЗ,Разводка кабеля,№1_П-СБЗ.АСКЗ -3 эт.,27.03.2026,Есть замечания,"ООО ""Топ ID""",Алексей Строев,0,0,,,,Нет,2026-04-13,2026-04-13,,
9469,СБ3,К7,"2, 3, 4, 5",Слаботочные сети,УД,Разводка кабеля,С7 УКВ 2-5 эт,27.03.2026,Есть замечания,"ООО ""Топ ID""",,0,0,https://acons-app.ru/api/v1/share/checklist/d7a75d8c-5a6d-48d5-a0ce-8596b08ebe64/,https://drive.google.com/file/d/1XPkuC22nQrbSV8OUHRh2lANSgESWiQPV,,Нет,2026-04-08,2026-04-08,,
9468,СБ3,К7,"2, 3, 4, 5",Слаботочные сети,СОУЭ1,Разводка кабеля,С7 СОУЭ1 2-5 эт. кабель моп,27.03.2026,Есть замечания,"ООО ""Топ ID""",,0,0,https://acons-app.ru/api/v1/share/checklist/439366bf-c84e-487f-b884-1df6131ec200/,https://drive.google.com/file/d/1mZZ8AZqJebx38XzvOhvTITRsoHutq8er,в предыдущем чек листе по АПС подпись мою надо поставить,Нет,2026-04-08,2026-04-08,,
9467,СБ3,К7,"2, 3, 4, 5",Слаботочные сети,АПС,Разводка кабеля,С7 АПС 2-5 эт кабель моп+кв.,27.03.2026,Есть замечания,"ООО ""Топ ID""",,0,0,https://acons-app.ru/api/v1/share/checklist/eb8e6c62-3471-444d-bfa7-d56aee419e2c/,https://drive.google.com/file/d/1yOmT1Dblef-J6NFH9br7wbbRu00G59Nk,,Нет,2026-04-08,2026-04-08,,
9455,СБ3,Паркинг,-3,Слаботочные сети,АПС,Разводка кабеля,АПС -3 эт кабель АЛС все по -3 эт.,26.03.2026,Есть замечания,"ООО ""Топ ID""",,0,0,https://acons-app.ru/api/v1/share/checklist/6b83c4ee-efbc-4966-af62-4bdeab1de647/,https://drive.google.com/file/d/1zLANCeNYjpDvAJ-jq1pqABOrvA8Bgq1q,,Нет,2026-04-08,2026-04-08,,
9466,СБ3,К4,"8, 9, 10, 11, 12, 13, 14, 15, 16",Слаботочные сети,УД,Разводка кабеля,С4 УКВ кв 8-16 эт. кабель,25.03.2026,Есть замечания,"ООО ""Топ ID""",,0,0,https://acons-app.ru/api/v1/share/checklist/2c768b9f-ed90-44ed-aa99-c50c111e48c8/,https://drive.google.com/file/d/1TDqku_uTBvzgemtXZBGy9NIUATM6h5d5,,Нет,2026-04-08,2026-04-08,,
9465,СБ3,К4,"2, 3, 4, 5, 6, 7, 8, 9, 10, 11, 12, 13, 14, 15, 16",Слаботочные сети,УД,Монтаж оконечных устройств,С4 УКВ 2-16 эт коробки оборудован эл. мех замок,25.03.2026,Есть замечания,"ООО ""Топ ID""",,0,0,https://acons-app.ru/api/v1/share/checklist/971c57ec-b015-4527-abc7-374f0f3b0a0b/,https://drive.google.com/file/d/1qaypDPnavtvV5FSU_MiXQL60aq3v1grD,,Нет,2026-04-08,2026-04-08,,
9464,СБ3,К4,"14, 15, 16, 17",Слаботочные сети,СКК,Разводка кабеля,С4 СС.КК 14-17 эт.,25.03.2026,Есть замечания,"ООО ""Топ ID""",,0,0,https://acons-app.ru/api/v1/share/checklist/3a5fa0fc-3112-4eb6-8eb7-a983a3b92458/,https://drive.google.com/file/d/1ok2oK0ScFw4Am3DTxJuGAhwbSD4cZM1K,,Нет,2026-04-08,2026-04-08,,
9463,СБ3,К4,"11, 12, 13, 14, 15, 16",Слаботочные сети,СОУЭ1,Разводка кабеля,С4 СОУЭ1 кв. 11-16 эт. кабель,25.03.2026,Есть замечания,"ООО ""Топ ID""",,0,0,https://acons-app.ru/api/v1/share/checklist/ec47cc5f-994e-477d-9798-9143e41b72e9/,https://drive.google.com/file/d/1iY0oIeNlmrr1_L68CgzWjdwL_aBfKh04,,Нет,2026-04-08,2026-04-08,,
9462,СБ3,К4,17,Слаботочные сети,СОУЭ1,Разводка кабеля,С4 СОУЭ1 моп+кв. 17 эт. кабель,25.03.2026,Есть замечания,"ООО ""Топ ID""",,0,0,https://acons-app.ru/api/v1/share/checklist/a33a9b5b-fc58-41a9-9cc6-413c962923de/,https://drive.google.com/file/d/1IA8rpqOCilJ5XZFcFyIQayl5l2rNGgYN,,Нет,2026-04-08,2026-04-08,,
9461,СБ3,К4,"2, 3, 4, 5, 6, 7, 8, 9, 10, 11, 12, 13",Слаботочные сети,СОТС,Разводка кабеля,С4 СОТС 2-13 эт. кабель,25.03.2026,Есть замечания,"ООО ""Топ ID""",,0,0,https://acons-app.ru/api/v1/share/checklist/7ee70e4e-18a7-4939-8d3c-c1bd9888a1dd/,https://drive.google.com/file/d/1dmIOY4E5crOVROF_CtN4oXQUgc0CbC4X,,Нет,2026-04-08,2026-04-08,,
9460,СБ3,К4,2,Слаботочные сети,СОТС,Монтаж оконечных устройств,С4 СОТС МОП 2эт оборудование,25.03.2026,Есть замечания,"ООО ""Топ ID""",,0,0,https://acons-app.ru/api/v1/share/checklist/dc5d347a-0395-4694-992b-9ac058022a75/,https://drive.google.com/file/d/14oZ5sPyOL5DMHJMYTa1HPwWCHs5ZByjc,,Нет,2026-04-08,2026-04-08,,
9459,СБ3,К4,17,Слаботочные сети,СС,Разводка кабеля,С4 СКС.А Моп кабель 17 эт.,25.03.2026,Есть замечания,"ООО ""Топ ID""",,0,0,https://acons-app.ru/api/v1/share/checklist/70e4b489-e4fa-4307-b9f4-f5b5ee89b10d/,https://drive.google.com/file/d/1a420nETMWwBh9WlhjR3Lt0Vle9TF1oWz,,Нет,2026-04-08,2026-04-08,,
9458,СБ3,К4,17,Слаботочные сети,РФ,Разводка кабеля,С4 РТ моп 17эт. кабель,25.03.2026,Есть замечания,"ООО ""Топ ID""",,0,0,https://acons-app.ru/api/v1/share/checklist/7f9360bf-1cb9-4f05-b219-6088c9fc033a/,https://drive.google.com/file/d/1jRhE5P0mF-R7OlkGl0LLKr3KHFg1BiCS,,Нет,2026-04-08,2026-04-08,,
9457,СБ3,К4,17,Слаботочные сети,АСКУВТ,Разводка кабеля,С4 АСКУВТ моп 17эт. кабель,25.03.2026,Есть замечания,"ООО ""Топ ID""",,0,0,https://acons-app.ru/api/v1/share/checklist/1ac6b7a3-3692-4446-8923-b602d8509b82/,https://drive.google.com/file/d/1ue_WVjnCmWSyEgAVjKxPzULnyiy-CauX,,Нет,2026-04-08,2026-04-08,,
9456,СБ3,К4,"11, 12, 13, 14, 15",Слаботочные сети,АПС,Монтаж оконечных устройств,С4 АПС 11-15 эт. МОП +КВ оборудование,25.03.2026,Есть замечания,"ООО ""Топ ID""",,0,0,https://acons-app.ru/api/v1/share/checklist/01a1fc13-046a-4711-90ca-fa84b180d9b2/,https://drive.google.com/file/d/1No1pTWHRtqSIFS8zbYvQi1I7KwFYvx0g,,Нет,2026-04-08,2026-04-08,,
9446,СБ3,К5,"4, 5, 7, 8, 9, 10",Слаботочные сети,УД,Разводка кабеля,"С5 УКВ эт 4-5, 7-11 кабель",19.03.2026,Есть замечания,"ООО ""Топ ID""",,0,0,https://acons-app.ru/api/v1/share/checklist/3e2aebda-51c0-4dba-b8fb-747a5c154e88/,https://drive.google.com/file/d/1jre9Zc4rF_ezTwVSjvG03hoEDixEC_qT,,Нет,2026-04-08,2026-04-08,,
9445,СБ3,К5,"2, 4, 5, 6, 7, 8, 9, 10, 11",Слаботочные сети,СОУЭ1,Монтаж оконечных устройств,"С5 СОУЭ1 эт. 2, 4-11",19.03.2026,Есть замечания,"ООО ""Топ ID""",,0,0,https://acons-app.ru/api/v1/share/checklist/325a856a-12ae-47a9-a48d-6e29aa358cb9/,https://drive.google.com/file/d/1Mc082yroVE7-SMN_RZzfCy0LQWc4PNtv,,Нет,2026-04-08,2026-04-08,,
9444,СБ3,К5,"2, 3, 4, 5, 6, 7, 8, 9, 10",Слаботочные сети,СОТС,"Монтаж оконечных устройств, Разводка кабеля",С5 СОТС 2-10 кабель+оборудование,19.03.2026,Есть замечания,"ООО ""Топ ID""",,0,0,https://acons-app.ru/api/v1/share/checklist/c163eaa7-8e99-4d7d-a30b-626f36e722f3/,https://drive.google.com/file/d/1-Fmsdzu4fVOOZ5olaetq7fwu_qi8U72x,,Нет,2026-04-08,2026-04-08,,
9443,СБ3,К5,"2, 4, 5, 6, 7, 8, 9, 10, 11",Слаботочные сети,АПС,Монтаж оконечных устройств,"C5 АПС эт. 2, 4-11 оборудован",19.03.2026,Есть замечания,"ООО ""Топ ID""",,0,0,https://acons-app.ru/api/v1/share/checklist/319405f2-f4e6-499e-ba57-e23ed5c9adeb/,https://drive.google.com/file/d/1jjTYld6x3aXsJcXQwoeZxcCIsEo4LMNC,,Нет,2026-04-08,2026-04-08,,
9442,СБ3,Паркинг,-1,Слаботочные сети,АПС,Разводка кабеля,П.АПС -1эт 7 зона кладовки,18.03.2026,Есть замечания,"ООО ""Топ ID""",,0,0,https://acons-app.ru/api/v1/share/checklist/6a1d7765-83c6-4a1a-a8f0-f71773e7c782/,https://drive.google.com/file/d/13ryEJ86sAi3-wIOdXnpGbJSe27sKHowg,,Нет,2026-04-08,2026-04-08,,
9441,СБ3,Паркинг,-1,Слаботочные сети,АПС,Разводка кабеля,П.АПС -1эт. 6 зона кладовки,18.03.2026,Есть замечания,"ООО ""Топ ID""",,0,0,https://acons-app.ru/api/v1/share/checklist/d8b095e7-6ebe-4f4e-be26-af3813347811/,https://drive.google.com/file/d/1cJa_S4-u87kUEvexlznj6witIT97mTsn,,Нет,2026-04-08,2026-04-08,,
9489,СБ3,К4,"3, 4, 5, 6, 7, 8, 9, 10",Слаботочные сети,СОУЭ1,Монтаж оконечных устройств,С4 СОУЭ1 МОП +КВ 3-10эт оборудован,04.03.2026,Есть замечания,"ООО ""Топ ID""",,0,0,https://acons-app.ru/api/v1/share/checklist/7daae3ad-0e19-4d25-88ee-b4872d693d9e/,https://drive.google.com/file/d/1asfeqtIiN5cgtw-9smrXYto2NdYRcVEt,,Нет,2026-04-08,2026-04-08,,
9488,СБ3,К4,17,Слаботочные сети,АСКУЭ,Разводка кабеля,С4 АСКУЭ 17эт. кабель,04.03.2026,Принято,"ООО ""Топ ID""",,0,0,https://acons-app.ru/api/v1/share/checklist/8b1591c9-43fe-451a-99fa-dd484e1383f6/,https://drive.google.com/file/d/12GJ0Fq8AW-c_FBL3SjLBGAK7WULXXXfK,,Нет,2026-04-08,2026-04-08,,
9487,СБ3,К4,"2, 3, 4, 5, 6, 7, 8, 9, 10",Слаботочные сети,АСКУЭ,Монтаж оконечных устройств,С4 АСКУЭ МОП 2-10эт,04.03.2026,Принято,"ООО ""Топ ID""",,0,0,https://acons-app.ru/api/v1/share/checklist/3110c6bb-f23a-47e7-82b9-cd53be507a0e/,https://drive.google.com/file/d/1LYnd0YXtmHRAGJgdO-pAFdskuRWwnmnT,СРД ошибся коробку не вскрывал не посмотрел там клемы есть должен поставить подпись снять замечание.,Нет,2026-04-08,2026-04-08,,
9486,СБ3,К4,"2, 3, 4, 5, 6, 7, 8, 9, 10",Слаботочные сети,АСКУВТ,Монтаж оконечных устройств,С4 АСКУВТ МОП 2-10эт оборудован,04.03.2026,Есть замечания,"ООО ""Топ ID""",,0,0,https://acons-app.ru/api/v1/share/checklist/dfaac818-7989-4f5a-a50f-c3dcebf8bce1/,https://drive.google.com/file/d/15MWdKyd1PvTsPF83jp6NNtMV0QM2KShK,,Нет,2026-04-08,2026-04-08,,
9485,СБ3,К4,"3, 4, 5, 6, 7, 8, 9, 10",Слаботочные сети,АПС,Монтаж оконечных устройств,С4 АПС МОП оборудован 3-10эт.,04.03.2026,Есть замечания,"ООО ""Топ ID""",,0,0,https://acons-app.ru/api/v1/share/checklist/f18bb99d-693b-46ac-98ac-c077886f0d75/,https://drive.google.com/file/d/1B91EA2f0tg6nMhidLI6vLnNE-GKr_pIx,,Нет,2026-04-08,2026-04-08,,
9484,СБ3,К4,"3, 4, 5, 6, 7, 8, 9, 10",Слаботочные сети,АПС,Монтаж оконечных устройств,С4 АПС КВ оборудован 3-10эт.,04.03.2026,Есть замечания,"ООО ""Топ ID""",,0,0,https://acons-app.ru/api/v1/share/checklist/331ba074-4686-42e0-b58c-0f9c62247bc5/,https://drive.google.com/file/d/1iZyXT8--4p7pTONto0HcGpJ3tecGzwWg,,Нет,2026-04-08,2026-04-08,,
9397,СБ3,К1,"2, 3, 4, 5, 6, 7, 8, 9, 10, 11, 12, 13, 14, 15, 16",Слаботочные сети,СОУЭ1,Разводка кабеля,С1 СОУЭ1 КВ кабель 2-16эт,04.03.2026,Есть замечания,"ООО ""Топ ID""",,0,0,https://acons-app.ru/api/v1/share/checklist/1e4abf6a-3303-45bd-be70-f810a7deba05/,https://drive.google.com/file/d/1P14azPNAASEDuaFP3TPZEOOoW2ikXUwD,,Нет,2026-04-08,2026-04-08,,
9396,СБ3,К1,"2, 3, 4, 5, 6, 7, 8, 9, 10",Слаботочные сети,СОУЭ1,Монтаж оконечных устройств,"С1 СоУЭ1 4эт-МОП, 2-10 кв оборудован",04.03.2026,Есть замечания,"ООО ""Топ ID""",,0,0,https://acons-app.ru/api/v1/share/checklist/8564268e-4873-480e-ab25-699e15f710e8/,https://drive.google.com/file/d/1Vymhm083-ow7aYMbjPZ3StJBwPgmHALi,,Нет,2026-04-08,2026-04-08,,
9395,СБ3,К1,"2, 3, 4, 5, 6, 7, 8, 9, 10, 11, 12, 13, 14, 15, 16",Слаботочные сети,АПС,Разводка кабеля,С1 АПС КВ кабель 2-16 эт,04.03.2026,Есть замечания,"ООО ""Топ ID""",,0,0,https://acons-app.ru/api/v1/share/checklist/2b2475d0-68f0-44b4-b78e-36ef950bd982/,https://drive.google.com/file/d/15JgKHHOdiNXKm8qW3iA31Zi_k9Obl2Hq,"извещатель который находится в помещении коридор-кухня стараться при монтаже оконечки смещать в сторону кухни из коридора, чтобы радиус действия до угла был е больше 6 м. чтобы в перспективе сдать работу по нормам датчик апс в каждом помещении кроме мокрых.",Нет,2026-04-08,2026-04-08,,
9394,СБ3,К1,"2, 3, 4, 5, 6, 7, 8, 9, 10",Слаботочные сети,АПС,Монтаж оконечных устройств,С1 АПС МОП + КВ оборудован 2-10 эт.,04.03.2026,Есть замечания,"ООО ""Топ ID""",,0,0,https://acons-app.ru/api/v1/share/checklist/a1ad80f5-482f-434c-99cb-a0ac6a26dde6/,https://drive.google.com/file/d/1gXn6Yd3WYpgd8hn1ulvYdFUAixJb-hL3,"извещатель который находится в помещении коридор-кухня стараться при монтаже оконечки смещать в сторону кухни из коридора, чтобы радиус действия до угла был е больше 6 м. чтобы в перспективе сдать работу по нормам датчик апс в каждом помещении кроме мокрых.",Нет,2026-04-08,2026-04-08,,
9278,СБ3,К1,4,Слаботочные сети,УД,Монтаж оконечных устройств,С1 УКВ 4 эт. оборудован,17.02.2026,Принято,"ООО ""Топ ID""",,0,0,https://acons-app.ru/api/v1/share/checklist/b6d88d2c-8921-4d4b-bd5b-0b6bf47d2e21/,https://drive.google.com/file/d/1_tEqLGfA0USXPKCIBkwv5n2kJ_0O4fnN,,Нет,2026-04-08,2026-04-08,,
9277,СБ3,К1,4,Слаботочные сети,УД,Разводка кабеля,С1 УКВ 4 эт. кабель,17.02.2026,Есть замечания,"ООО ""Топ ID""",,0,0,https://acons-app.ru/api/v1/share/checklist/6ee61caf-a024-4265-bce0-c664f08d664b/,https://drive.google.com/file/d/1hBawkd5zinOytA6S7OHJK2Gqjzhz2dfL,,Нет,2026-04-08,2026-04-08,,
9276,СБ3,К1,4,Слаботочные сети,СОТС,Монтаж оконечных устройств,С1 СОТС 4эт оборудован.,17.02.2026,Принято,"ООО ""Топ ID""",,0,0,https://acons-app.ru/api/v1/share/checklist/5ab961ea-4851-48ab-8d42-fa710ebb71f9/,https://drive.google.com/file/d/1_sWVUIph5hMuZH0Il963zrR8Ha7e9Wn-,надо подписать просто там где принято,Нет,2026-04-08,2026-04-08,,
9275,СБ3,К1,4,Слаботочные сети,СОТС,Разводка кабеля,С1 СОТС 4эт кабель,17.02.2026,Есть замечания,"ООО ""Топ ID""",,0,0,https://acons-app.ru/api/v1/share/checklist/600d05e0-77c0-45cf-a4ff-68682c9650d9/,https://drive.google.com/file/d/12XoysWr5E03I6RjmChXnKus48gnPK3WH,,Нет,2026-04-08,2026-04-08,,
9274,СБ3,К1,4,Слаботочные сети,СС,Монтаж оконечных устройств,С1 СКС-А 4эт. оборудован,17.02.2026,Принято,"ООО ""Топ ID""",,0,0,https://acons-app.ru/api/v1/share/checklist/a427df3d-01da-4eac-b4be-b17ca0f3508b/,https://drive.google.com/file/d/1lsxgitPYB48ELACkxX6LtQg0CxuQ0P-p,,Нет,2026-04-08,2026-04-08,,
9273,СБ3,К1,4,Слаботочные сети,РФ,Монтаж оконечных устройств,С1 РТ 4эт оборудован,17.02.2026,Принято,"ООО ""Топ ID""",,0,0,https://acons-app.ru/api/v1/share/checklist/6d6dceb1-311e-4bba-be80-5c94941473c7/,https://drive.google.com/file/d/1Hjqd4lzWQhVhRwmQD1Hf1wX5WMHo45Bt,,Нет,2026-04-08,2026-04-08,,
9272,СБ3,К8,2,Слаботочные сети,РФ,Монтаж оконечных устройств,С8 РТ 2эт. МОП +КВ оборудован,17.02.2026,Принято,"ООО ""Топ ID""",,0,0,https://acons-app.ru/api/v1/share/checklist/dfc98ade-b8e1-46c6-81a5-d4f7b94a6651/,https://drive.google.com/file/d/1IwA_4p6ZfwB96neBg2Yy6_QgwhAFDfZe,,Нет,2026-04-08,2026-04-08,,
9271,СБ3,К8,"2, 3, 4, 5, 6, 7, 8, 9, 10",Слаботочные сети,СОУЭ1,Монтаж оконечных устройств,С8 СОУЭ1 2-10 эт. оборудован Квартиры,13.02.2026,Принято,"ООО ""Топ ID""",,0,0,https://acons-app.ru/api/v1/share/checklist/a60d347e-0d46-4bdc-a31c-944f92c7ab88/,https://drive.google.com/file/d/1kCXeUglmKgoGgdqJwIV0iIoj_Og61B9-,"Поставлены не все коробки над квартирами СОУЭ1 60 подано еще 30 надо, и минус 10 динамиков там где квартира алимак.",Нет,2026-04-08,2026-04-08,,
9270,СБ3,К8,"2, 3, 4, 5, 6, 7, 8, 9, 10",Слаботочные сети,УД,Разводка кабеля,С8 УКВ 2-10 эт.,13.02.2026,Есть замечания,"ООО ""Топ ID""",,0,0,https://acons-app.ru/api/v1/share/checklist/19679dc6-32f5-4ec2-85d8-da06191fccef/,https://drive.google.com/file/d/1nFwhqer0ZxDymgBbVjIAEFrCEAaQMkTl,,Нет,2026-04-08,2026-04-08,,
9269,СБ3,К8,2,Слаботочные сети,УД,Монтаж оконечных устройств,С8 УКВ 2эь оборудован,13.02.2026,Есть замечания,"ООО ""Топ ID""",,0,0,https://acons-app.ru/api/v1/share/checklist/3fab2f13-0139-4b7b-9b90-86002385948d/,https://drive.google.com/file/d/1ltkXT8_G067dzALKtnfTpPx1wIeKPQ0D,,Нет,2026-04-08,2026-04-08,,
9268,СБ3,К8,"2, 3, 4, 5, 6, 7, 8, 9, 10",Слаботочные сети,СОТС,Разводка кабеля,С8 СОТС 2-10эт. МОП,13.02.2026,Есть замечания,"ООО ""Топ ID""",,0,0,https://acons-app.ru/api/v1/share/checklist/fe64e816-1fb8-4eac-9ec0-efe2c73e906c/,https://drive.google.com/file/d/1Q-XrNim4-lkNyHGwBdGYfqzsoqxBzW2o,,Нет,2026-04-08,2026-04-08,,
9267,СБ3,К8,"2, 3, 4, 5",Слаботочные сети,АПС,Монтаж оконечных устройств,С8 АПС 2-5эт оборудован,13.02.2026,Есть замечания,"ООО ""Топ ID""",,0,0,https://acons-app.ru/api/v1/share/checklist/22c9755a-12eb-4f14-9b4b-003b6bb56e51/,https://drive.google.com/file/d/19Yplbtemc757wmtelQnU5eKp5VSbDhdy,,Нет,2026-04-08,2026-04-08,,
9266,СБ3,К5,3,Слаботочные сети,УД,Монтаж оконечных устройств,С5 УКВ 3эт. оборудован КВ,13.02.2026,Есть замечания,"ООО ""Топ ID""",,0,0,https://acons-app.ru/api/v1/share/checklist/580c0596-0096-44d3-86dc-0f8dab6284cb/,https://drive.google.com/file/d/1Vpmo0Bt1k8R-jE1KnEOJsnjcsc9PAyj1,"Дурят, по количеству СМР и смонтированному оборудованию",Нет,2026-04-08,2026-04-08,,
9264,СБ3,К5,3,Слаботочные сети,СОУЭ2,Монтаж оконечных устройств,С5 СОУЭ2 3 эт. оборуд.,13.02.2026,Принято,"ООО ""Топ ID""",,0,0,https://acons-app.ru/api/v1/share/checklist/854c109e-7d0b-424b-a574-2f5eeb417487/,https://drive.google.com/file/d/1zXxYcZeukwjZhjUzwsTeQm4VUBmkSyH_,,Нет,2026-04-08,2026-04-08,,
9263,СБ3,К5,3,Слаботочные сети,СОУЭ1,Монтаж оконечных устройств,С5 СОУЭ1 3 эт. оборудован,13.02.2026,Принято,"ООО ""Топ ID""",,0,0,https://acons-app.ru/api/v1/share/checklist/fdfda437-0145-46b3-bda4-ef2fb7f772dd/,https://drive.google.com/file/d/1rCrTWeoR2WgEeegqPnoznX6ned_CbmcT,,Нет,2026-04-08,2026-04-08,,
9262,СБ3,К5,3,Слаботочные сети,РФ,Монтаж оконечных устройств,С5 РТ 3эт. оборуд.,13.02.2026,Принято,"ООО ""Топ ID""",,0,0,https://acons-app.ru/api/v1/share/checklist/b1befe64-b3d9-4208-a907-93777392dafc/,https://drive.google.com/file/d/1JP_VpV3-IEqXqPk-qgW_IE6C0y7Z35fh,,Нет,2026-04-08,2026-04-08,,
9261,СБ3,К5,"2, 4",Слаботочные сети,АСКУЭ,Монтаж оконечных устройств,"С5 АСКУЭ 2,4 эт. оборудован",13.02.2026,Есть замечания,"ООО ""Топ ID""",,0,0,https://acons-app.ru/api/v1/share/checklist/413d6208-1d2d-4fdb-a0e4-a48ae49ccfb3/,https://drive.google.com/file/d/1jiC8pGm5U1NX8_Gym4kaMqHFoNniPwR3,,Нет,2026-04-08,2026-04-08,,
9260,СБ3,К5,"2, 4",Слаботочные сети,АСКУВТ,Монтаж оконечных устройств,"С5 АСКУВТ 2, 4 эт. оборудован",13.02.2026,Есть замечания,"ООО ""Топ ID""",,0,0,https://acons-app.ru/api/v1/share/checklist/82272c5f-c4b4-453d-a17e-d9e84a24d5e6/,https://drive.google.com/file/d/1awYtJjW76Rnu8J5sNWbNAN6GBF5DR-Qc,,Нет,2026-04-08,2026-04-08,,
9259,СБ3,К5,3,Слаботочные сети,АПС,Монтаж оконечных устройств,С5 АПС 3эт. МОП+КВ оборудован,13.02.2026,Есть замечания,"ООО ""Топ ID""",,0,0,https://acons-app.ru/api/v1/share/checklist/37ac3d60-28f4-4e28-8b0b-2c20a2ba03d8/,https://drive.google.com/file/d/1eB--XdfXAwrr8sUDNaiMTm71mjcb-Tq7,,Нет,2026-04-08,2026-04-08,,
9258,СБ3,К4,"2, 3",Слаботочные сети,УД,Монтаж оконечных устройств,С4 УКВ оборуд. 2-3эт.,13.02.2026,Есть замечания,"ООО ""Топ ID""",,0,0,https://acons-app.ru/api/v1/share/checklist/5077d322-3ef6-41f7-a6a0-c62df02bf300/,https://drive.google.com/file/d/1R9Le9KbxyP-hUQXNJzrs-gSg61hlLsfn,,Нет,2026-04-08,2026-04-08,,
9257,СБ3,К4,"2, 3, 4, 5, 6, 7, 8, 9, 10",Слаботочные сети,УД,Разводка кабеля,С4 УКВ 2-10 эт. кабель,13.02.2026,Есть замечания,"ООО ""Топ ID""",,0,0,https://acons-app.ru/api/v1/share/checklist/ec932a72-d0bb-4d06-99ab-6492ca8f2dd1/,https://drive.google.com/file/d/1X3Xw98g93EWTpMXr5qVcnZw6z9cZVf4_,,Нет,2026-04-08,2026-04-08,,
9256,СБ3,К4,"2, 3, 4, 5, 6, 7, 8, 9, 10",Слаботочные сети,РФ,Монтаж оконечных устройств,С4 РТ оборудование 2-10эт.,13.02.2026,Принято,"ООО ""Топ ID""",,0,0,https://acons-app.ru/api/v1/share/checklist/b8961b08-3a86-4710-95f0-eff46669c532/,https://drive.google.com/file/d/17hhQ2GDBPNSSD1_eJp7nlgv_ouQYAO_O,,Нет,2026-04-08,2026-04-08,,
9208,СБ3,К4,"3, 4, 5, 6, 7, 8, 9",Слаботочные сети,СОУЭ2,Разводка кабеля,С4 СОУЭ2 (3-9 эт.),04.02.2026,Есть замечания,"ООО ""Топ ID""",,0,0,https://acons-app.ru/api/v1/share/checklist/6a90cbad-c9ee-4ec6-a853-a201044a06b7/,https://drive.google.com/file/d/1jLHywujaUwSonAmn49kLgMugBcboXWqE,,Нет,2026-04-08,2026-04-08,,
9207,СБ3,К4,2,Слаботочные сети,СОУЭ1,Монтаж оконечных устройств,С4 (СОУЭ1) Моп-Кв (2 эт.),04.02.2026,Есть замечания,"ООО ""Топ ID""",,0,0,https://acons-app.ru/api/v1/share/checklist/6648dfa2-3ae9-49c5-a4eb-14978bb9f271/,https://drive.google.com/file/d/1ul7q2UoFrIJc2r8yIvPEkf66jdx-hknu,,Нет,2026-04-08,2026-04-08,,
9206,СБ3,К4,"2, 3, 4, 5, 6, 7, 8, 9, 10, 11, 12, 13, 14, 15, 16",Слаботочные сети,АПС,Разводка кабеля,С4 (АПС) Моп-Квартиры (2-16 эт.),04.02.2026,Есть замечания,"ООО ""Топ ID""",,0,0,https://acons-app.ru/api/v1/share/checklist/91e39c21-065c-41eb-954a-56231a4e602b/,https://drive.google.com/file/d/1pRmUIBznjM-P_5vLRQyht920QiRDsmmT,,Нет,2026-04-08,2026-04-08,,
9205,СБ3,К4,2,Слаботочные сети,АПС,Монтаж оконечных устройств,С4 (АПС) Моп-Квартиры (2 эт.),04.02.2026,Есть замечания,"ООО ""Топ ID""",,0,0,https://acons-app.ru/api/v1/share/checklist/3718259f-81bb-42ca-9ca5-cdea973e2152/,https://drive.google.com/file/d/1jYOxULVyY7pRnl39XlCkXBeq48q1g-eT,,Нет,2026-04-08,2026-04-08,,
9204,СБ3,К4,"3, 4, 5, 6, 7, 8, 9, 10",Слаботочные сети,АПС,Монтаж оконечных устройств,С4 (АПС) моп (3-10 эт.) (мон. коробки),04.02.2026,Есть замечания,"ООО ""Топ ID""",,0,0,https://acons-app.ru/api/v1/share/checklist/ee22cb3b-ca59-41f3-a3d1-292bef57ee4b/,https://drive.google.com/file/d/1_icHKMOvb7scbfSqmnNMQoIE2JeNGTGj,,Нет,2026-04-08,2026-04-08,,
9211,СБ3,К8,"2, 3, 4, 5, 6, 7, 8, 9, 10, 11, 12",Слаботочные сети,СОУЭ1,Разводка кабеля,С8 СОУЭ1 Кв 2-12эт,02.02.2026,Есть замечания,"ООО ""Топ ID""",,0,0,https://acons-app.ru/api/v1/share/checklist/eb5d3f3b-ade0-4b0b-afa4-fffaee9ceac6/,https://drive.google.com/file/d/1pynzvXn9N0ZPvONd7298S6Pcw3bw1rXH,,Нет,2026-04-08,2026-04-08,,
9210,СБ3,К8,"2, 3, 4, 5, 6, 7, 8, 9, 10, 11, 12",Слаботочные сети,СОУЭ1,Разводка кабеля,С8 (СОУЭ1) Кв (2-12эт.),02.02.2026,Есть замечания,"ООО ""Топ ID""",,0,0,https://acons-app.ru/api/v1/share/checklist/1ae91cab-854e-4a48-ac70-0581ddaf1be8/,https://drive.google.com/file/d/1axBOTBGdX2McPH0zEm9sVEhUFGmrMq76,,Нет,2026-04-08,2026-04-08,,
9209,СБ3,К8,"2, 3, 4, 5, 6, 7, 8, 9, 10, 11, 12",Слаботочные сети,АПС,Разводка кабеля,С8 (АПС) Квартиры (2-12эт.),02.02.2026,Есть замечания,"ООО ""Топ ID""",,0,0,https://acons-app.ru/api/v1/share/checklist/17562fba-f0d6-45bb-b7a6-b967b4c3a12e/,https://drive.google.com/file/d/1NfRdsCq9iM2FhXgQixpkGVr9dg26GRxX,,Нет,2026-04-08,2026-04-08,,
9120,СБ3,К1,"6, 7, 8, 9, 10, 11, 12, 13, 14, 15, 16, 17, 18, 19, 20, 21, 22, 23, 24, 25, 26, 27, 28, 29",Слаботочные сети,СС,Разводка кабеля,С1 СКС А 6 эт. - 29эт.,30.01.2026,Есть замечания,"ООО ""Топ ID""",,0,0,https://acons-app.ru/api/v1/share/checklist/db62b84c-b0bb-4ac0-b126-bdc8327cb10b/,https://drive.google.com/file/d/1t3trcTCPMtzgPp_Xq09sl5GnqKQidKTb,,Нет,2026-04-08,2026-04-08,,
9119,СБ3,К1,"6, 7, 8, 9, 10, 11, 12, 13, 14, 15, 16, 17, 18, 19, 20, 21, 22, 23, 24, 25, 26, 27, 28, 29",Слаботочные сети,РФ,Разводка кабеля,С1 РТ эт 6-29 эт,30.01.2026,Есть замечания,"ООО ""Топ ID""",,0,0,https://acons-app.ru/api/v1/share/checklist/9b55b9e6-1589-4cee-a542-e0bbdd415239/,https://drive.google.com/file/d/1Dr2lhvTNXGkyTGzcVPjjTj-sK_6Tu9zR,,Нет,2026-04-08,2026-04-08,,
9030,СБ3,К1,"18, 19, 20, 21, 22, 23, 24, 25, 26, 27, 28, 29",Слаботочные сети,АСКУВТ,Разводка кабеля,C1 АСКУВТ 18-29,20.01.2026,Есть замечания,"ООО ""Топ ID""",,0,0,https://acons-app.ru/api/v1/share/checklist/99d895ed-6071-4a2a-ab59-fe35c9ce94dd/,https://drive.google.com/file/d/1IwIWAJKhOGeTdqEoQA452MhwSKd-R224,,Нет,2026-04-08,2026-04-08,,
9006,СБ3,К1,"18, 19, 20, 21, 22, 23, 24, 25, 26, 27, 28, 29",Слаботочные сети,АСКУЭ,Разводка кабеля,С1 АСКУЭ 18-29эт.,13.01.2026,Есть замечания,"ООО ""Топ ID""",,0,0,https://acons-app.ru/api/v1/share/checklist/e9cd9f7e-e711-4520-88f9-0cbf19f83441/,https://drive.google.com/file/d/1W8NTYL1DeR-jWv4ndp0NZBPaYE4BjYEG,"Подают 275 м кабеля интерфейсного, а гофры в 3 раза больше, СРД пропустил в чек листе почиркать обьем, попросил его сделать это на бумаге.",Нет,2026-04-08,2026-04-08,,
9005,СБ3,К5,"2, 3, 4, 5, 6, 7, 8, 9, 10",Слаботочные сети,УД,Разводка кабеля,С5 УКВ 2-10эт.,29.12.2025,Есть замечания,"ООО ""Топ ID""",,0,0,https://acons-app.ru/api/v1/share/checklist/b44f7d6b-b23f-4ab8-a79c-964fc51997f7/,https://drive.google.com/file/d/1lDjtH-RsaNmBE12Zf5q-nhpgVrC1rWnw,,Нет,2026-04-08,2026-04-08,,
9004,СБ3,К5,"2, 3, 4, 5, 6, 7, 8, 9, 10, 11, 12, 13, 14, 15, 16, 17, 18",Слаботочные сети,СКК,Разводка кабеля,С5 СС.КК 2-18эт.,29.12.2025,Есть замечания,"ООО ""Топ ID""",,0,0,https://acons-app.ru/api/v1/share/checklist/1f7cf844-502d-4091-9571-65046892a4dd/,https://drive.google.com/file/d/1Z7yXIN_qZk5y_YJibDaSxu-2SsxkHNvj,,Нет,2026-04-08,2026-04-08,,
9003,СБ3,К5,3,Слаботочные сети,СКС2,Разводка кабеля,С5 ССК.О 3эт.,29.12.2025,Есть замечания,"ООО ""Топ ID""",,0,0,https://acons-app.ru/api/v1/share/checklist/52f40870-67f0-4ee9-9f9e-40e6b3497c66/,https://drive.google.com/file/d/1FVZeYPd5bdtDEKFl-yz7wKI4LBf4Jj0E,,Нет,2026-04-08,2026-04-08,,
9002,СБ3,К5,"2, 3, 4, 5, 6, 7, 8, 9, 10",Слаботочные сети,АПС,Разводка кабеля,С5 АПС 2-10эт.,29.12.2025,Есть замечания,"ООО ""Топ ID""",,0,0,https://acons-app.ru/api/v1/share/checklist/2273c8c4-da35-471e-91b7-71bf56ac6b14/,https://drive.google.com/file/d/1-pHYWKapoqJHKeZrQpPul0ky_XGi93Ph,,Нет,2026-04-08,2026-04-08,,
8928,СБ3,К5,"2, 3, 4, 5, 6, 7, 8, 9, 10",Слаботочные сети,СОУЭ2,Разводка кабеля,С5 СОУЭ2 2-10эт,24.12.2025,Есть замечания,"ООО ""Топ ID""",,0,0,https://acons-app.ru/api/v1/share/checklist/1f6a6928-a02e-4008-bef9-cc46045fcd03/,https://drive.google.com/file/d/1faEacggUMYSOAMY0x3nCCUi6grRmLqib,,Нет,2026-04-08,2026-04-08,,
8927,СБ3,К5,"2, 3, 4, 5, 6, 7, 8, 9, 10",Слаботочные сети,СОУЭ1,Разводка кабеля,С5 СОУЭ1 2-10эт.,24.12.2025,Есть замечания,"ООО ""Топ ID""",,0,0,https://acons-app.ru/api/v1/share/checklist/991adbcb-1d7d-47e1-9f9f-31660bb99305/,https://drive.google.com/file/d/12RcHtaMk9sNUBH2zJab6sSobBloGPFDF,,Нет,2026-04-08,2026-04-08,,
8926,СБ3,К5,"2, 3, 4, 5, 6, 7, 8, 9, 10",Слаботочные сети,СС,Разводка кабеля,С5 СКС А 2-10эт.,24.12.2025,Есть замечания,"ООО ""Топ ID""",,0,0,https://acons-app.ru/api/v1/share/checklist/24d6bae1-2286-448b-8920-f49cd1c80fde/,https://drive.google.com/file/d/1YJii-Y1phORlH-dcm-ZYPSMbnJTFmcRt,,Нет,2026-04-08,2026-04-08,,
8925,СБ3,К5,"2, 3, 4, 5, 6, 7, 8, 9, 10",Слаботочные сети,РФ,Разводка кабеля,С5 РТ 2-10эт.,24.12.2025,Принято,"ООО ""Топ ID""",,0,0,https://acons-app.ru/api/v1/share/checklist/f034d65e-8ff4-4e50-8db5-6161495fc18f/,https://drive.google.com/file/d/1HLx1ZxZqSFvVoTM4NbImcW7EbRd9IFwm,Расписаться представителям Топ Айди,Нет,2026-04-08,2026-04-08,,
8924,СБ3,К5,"2, 3, 4, 5, 6, 7, 8, 9, 10",Слаботочные сети,АСКУЭ,Разводка кабеля,С5 АСКУЭ 2-10эт.,24.12.2025,Есть замечания,"ООО ""Топ ID""",,0,0,https://acons-app.ru/api/v1/share/checklist/12512e68-9cb8-4990-b3cd-4d45177c1720/,https://drive.google.com/file/d/1d9_JL7XL9gnKLa8E9_5O8cyNukeMDQ2G,,Нет,2026-04-08,2026-04-08,,
8923,СБ3,К5,"2, 3, 4, 5, 6, 7, 8, 9, 10",Слаботочные сети,АСКУВТ,Разводка кабеля,С5 АСКУВТ 2-10 эт.,24.12.2025,Есть замечания,"ООО ""Топ ID""",,0,0,https://acons-app.ru/api/v1/share/checklist/c9d4beef-48e9-4029-ab68-5ee9d44a6b07/,https://drive.google.com/file/d/13FTCXNVZYvFVjJ1x7bSQXKWL2sF_E-yg,,Нет,2026-04-08,2026-04-08,,
8922,СБ3,К5,"2, 3, 4, 5, 6, 7, 8, 9, 10",Слаботочные сети,АПС,Разводка кабеля,C5 АПС 2-10 эт.,24.12.2025,Есть замечания,"ООО ""Топ ID""",,0,0,https://acons-app.ru/api/v1/share/checklist/8981d277-36ba-4f23-961c-b31046854b6f/,https://drive.google.com/file/d/1SIzvlm0AQaeDCwvoCIrj9EkZxnoP4kIV,,Нет,2026-04-08,2026-04-08,,
8827,СБ3,К4,"6, 7, 8, 9, 10",Слаботочные сети,УД,Разводка кабеля,С4 УКВ кв. 6-10эт. (гофра без кабеля),10.12.2025,Есть замечания,"ООО ""Топ ID""",,0,0,https://acons-app.ru/api/v1/share/checklist/e93a58c6-30f8-46f4-9fc3-1a47c0ea2fe4/,https://drive.google.com/file/d/1OtkHPNN5x0KD_bd7WsDc0hTPHUFx5cHA,Предъявили только гофру по,Нет,2026-04-08,2026-04-08,,
8826,СБ3,К4,2,Слаботочные сети,СОУЭ2,Разводка кабеля,С4 СОУЭ2 (МОП) 2эт. (кабель),10.12.2025,Есть замечания,"ООО ""Топ ID""",,0,0,https://acons-app.ru/api/v1/share/checklist/2cd7d130-3b2e-436a-a12b-49b2df995a56/,https://drive.google.com/file/d/1SQx8Y8mWxLqyQQuWtxo7VZe_35kZ6qy3,,Нет,2026-04-08,2026-04-08,,
8825,СБ3,К4,2,Слаботочные сети,СКС2,Разводка кабеля,С4 СКС.О МОП 2эт. (кабель),10.12.2025,Есть замечания,"ООО ""Топ ID""",,0,0,https://acons-app.ru/api/v1/share/checklist/b96a56f3-f45b-4cd6-a99e-15ac2cddb028/,https://drive.google.com/file/d/14G-SZ9yx61YJT2dW9s851580mqLzvEd2,,Нет,2026-04-08,2026-04-08,,
8824,СБ3,К4,2,Слаботочные сети,АПС,Монтаж оконечных устройств,С4 АПС 2эт. кв+моп (оборудование),10.12.2025,Есть замечания,"ООО ""Топ ID""",,0,0,https://acons-app.ru/api/v1/share/checklist/b6164c00-8207-4885-b376-9392a40854ef/,https://drive.google.com/file/d/13InD0Hw1RL4qZbunW5YROog404Lqp6Pf,,Нет,2026-04-08,2026-04-08,,
8823,СБ3,К4,"2, 6, 7, 8, 9, 10",Слаботочные сети,АПС,Разводка кабеля,"С4 АПС КВ. 2, 6-10эт. (кабель)",10.12.2025,Есть замечания,"ООО ""Топ ID""",,0,0,https://acons-app.ru/api/v1/share/checklist/4054c7b9-efee-495a-91f6-b52af083f8b1/,https://drive.google.com/file/d/1q3FKiEfKZ7o_sIScxySgmHh5dT7fZTkK,,Нет,2026-04-08,2026-04-08,,
8822,СБ3,К4,2,Слаботочные сети,СОУЭ1,Монтаж оконечных устройств,С4 СОУЭ1 2эт (оборудование),10.12.2025,Принято,"ООО ""Топ ID""",,0,0,https://acons-app.ru/api/v1/share/checklist/2852249a-24c1-4ccf-b42c-b6a22a325861/,https://drive.google.com/file/d/1zB6jXZSNHHVKWkjL73ttD-RZj0TCQXIf,подписать у СРД выйдет с отпуска 15.12.2025,Нет,2026-04-08,2026-04-08,,
8821,СБ3,К4,"6, 7, 8, 9, 10",Слаботочные сети,СОУЭ1,Разводка кабеля,С4 СОУЭ1 квартиры 6-10эт,10.12.2025,Принято,"ООО ""Топ ID""",,0,0,https://acons-app.ru/api/v1/share/checklist/a8d37efd-f15a-4a90-a4c4-61bcab7c6b5b/,https://drive.google.com/file/d/1WXehoA9tuaXAeM5doodgb1odAQuHFN42,Надо подать на подпись с 15.12.2025 когда выйдет с отпуска СРД.,Нет,2026-04-08,2026-04-08,,
8464,СБ3,К4,"2, 3, 4, 5",Слаботочные сети,УД,Разводка кабеля,С4 УКВ 2-5эт.,29.10.2025,Есть замечания,"ООО ""Топ ID""",,0,0,https://acons-app.ru/api/v1/share/checklist/9dfab4a5-a51d-43ab-9b81-f0a76f7341e8/,https://drive.google.com/file/d/1QR10fZs7VFt78Bnl7RyIZrI5NHeALBWN,"Предъявили только гофру без кабеля чтобы не тормозить смежников, кабель закупают дата поставки.",Нет,2026-04-08,2026-04-08,,
8463,СБ3,К4,"2, 3, 4, 5",Слаботочные сети,СОУЭ1,Разводка кабеля,С4 Кв СОУЭ1 2-5эт.,29.10.2025,Принято,"ООО ""Топ ID""",,1,0,https://acons-app.ru/api/v1/share/checklist/bab356ba-a456-4e6b-9d41-dca13f8d1efc/,https://drive.google.com/file/d/1PJZ2MbKv6phzEDEslorjWv6pOBixn_l6,бирки не везде.,Да,2026-04-08,2026-04-08,,Кабельные бирки по КЖ
8462,СБ3,К4,"2, 3, 4, 5",Слаботочные сети,АПС,Разводка кабеля,С4 Кв. АПС 2-5эт.,29.10.2025,Есть замечания,"ООО ""Топ ID""",,0,0,https://acons-app.ru/api/v1/share/checklist/102181af-b353-41b5-8298-471387bfbe1e/,https://drive.google.com/file/d/1Gk9LUObA5zXZiG5pxiRQHMUAYQSLCgxv,,Нет,2026-04-08,2026-04-08,,
8336,СБ3,К1,"2, 3, 4, 5",Слаботочные сети,СС,Разводка кабеля,С1 СКСА 2 по 5эт.,14.10.2025,Есть замечания,"ООО ""Топ ID""",,0,0,https://acons-app.ru/api/v1/share/checklist/88e8c105-ee90-437c-8909-19363decb754/,https://drive.google.com/file/d/1V3NyoYSbEQr475ds8rRZtVscgZUXe8s_,,Нет,2026-04-08,2026-04-08,,
8335,СБ3,К1,"2, 3, 4, 5",Слаботочные сети,РФ,Разводка кабеля,С1 РТ 2эт по 5эт,14.10.2025,Есть замечания,"ООО ""Топ ID""",,0,0,https://acons-app.ru/api/v1/share/checklist/13b36f19-c04b-4219-b5ba-d3df26b6d589/,https://drive.google.com/file/d/1Zof4RPPo-Ck-BIRLVQryphpdPqHLyCNc,,Нет,2026-04-08,2026-04-08,,
8334,СБ3,К1,"2, 3, 4, 5, 6, 7, 8, 9, 10, 11, 12, 13, 14, 15, 16, 17",Слаботочные сети,СОУЭ1,Разводка кабеля,С1 СОУЭ1 2 по 17эт.,14.10.2025,Есть замечания,"ООО ""Топ ID""",,0,0,https://acons-app.ru/api/v1/share/checklist/0b60f99e-2692-418e-8cf0-db83311df8bc/,https://drive.google.com/file/d/114iSBu32SdeyydDyVYwNBNjjEvbiQmgv,,Нет,2026-04-08,2026-04-08,,
8333,СБ3,К1,"2, 3, 4, 5, 6, 7, 8, 9, 10, 11, 12, 13, 14, 15, 16, 17",Слаботочные сети,АСКУЭ,Разводка кабеля,С1 АСКУЭ 2 по 17эт.,14.10.2025,Есть замечания,"ООО ""Топ ID""",,4,4,https://acons-app.ru/api/v1/share/checklist/ed5a280e-41ea-438b-8eb0-1621b36080b4/,https://drive.google.com/file/d/1SHlra7PDEDbwdQlnd4qQXKPkRvVmtI4u,,Да,2026-04-08,2026-04-08,"Отсутствует проходка, Провисание гофры, Маркировка кабельных линий, Монтаж не окончен",
8332,СБ3,К1,"2, 3, 4, 5, 6, 7, 8, 9, 10, 11, 12, 13, 14, 15, 16, 17",Слаботочные сети,АСКУВТ,Разводка кабеля,С1 АСКУВТ 2 по 17 эт.,14.10.2025,Есть замечания,"ООО ""Топ ID""",,0,0,https://acons-app.ru/api/v1/share/checklist/dc341013-3da5-4084-b473-67e2a1f916f5/,https://drive.google.com/file/d/1K1fKedp-ySfoFq3Bfd-3QHkQeJg80084,,Нет,2026-04-08,2026-04-08,,
8331,СБ3,К1,"2, 3, 4, 5, 6, 7, 8, 9, 10, 11, 12, 13, 14, 15, 16, 17",Слаботочные сети,АПС,Разводка кабеля,С1 АПС 2эт по 17 эт.,14.10.2025,Есть замечания,"ООО ""Топ ID""",,5,5,https://acons-app.ru/api/v1/share/checklist/414485d4-8b37-4606-ba2f-e57097491a84/,https://drive.google.com/file/d/1m_Ws9NCA8cT1k3Mla4Md3ZECffxrT9mM,,Да,2026-04-08,2026-04-08,"Гофра зажата воздуховодом, Выполнить проходку кабельных линий, Провисание гофры, Отрисовать схему по факту, Отсутствует РД",
7775,СБ3,К10,"14, 15, 16, 17, 18, 19",Слаботочные сети,СОУЭ1,Разводка кабеля,С10 СОУЭ1 14-19эт.,23.09.2025,Есть замечания,"ООО ""Топ ID""",,3,3,https://acons-app.ru/api/v1/share/checklist/ced296ac-8a58-4af6-ad4f-58b1ac3dc276/,https://drive.google.com/file/d/1h1SI3SMMXy_j5yh9CT5vLvrTPOje3cqV,,Да,2026-04-08,2026-04-08,"Кабельные проходки через стены, Монтаж не окончен, Провисание гофры",
7774,СБ3,К10,"2, 3, 4, 5, 6, 7, 8, 9, 10, 11, 12, 13, 14, 15, 16, 17, 18, 19",Слаботочные сети,СС,Разводка кабеля,С10 СКС А 2-19эт,23.09.2025,Есть замечания,"ООО ""Топ ID""",,3,3,https://acons-app.ru/api/v1/share/checklist/3d51a147-5742-4777-be3e-cea2d1ca0d64/,https://drive.google.com/file/d/1TLb2z6PhQajG0XM94XqHFchis_ApbTBs,,Да,2026-04-08,2026-04-08,"Выполнить проходки кабельных линий, Шаг крепления гильз, Отсутствует РД",
7773,СБ3,К10,"2, 3, 4, 5, 6, 7, 8, 9, 10, 11, 12, 13, 14, 15, 16, 17, 18, 19",Слаботочные сети,РФ,Разводка кабеля,С10 РТ 2-19эт.,23.09.2025,Есть замечания,"ООО ""Топ ID""",,3,3,https://acons-app.ru/api/v1/share/checklist/2fcacde8-52fc-4ce0-80dd-e261db05c04a/,https://drive.google.com/file/d/1kXjYgi1Zp_kqsjmsuH5Q6xZldAEdT4_8,,Да,2026-04-08,2026-04-08,"Шаг крепления клипс, Выполнить проходки кабельных линий, Отсутствует РД",
7772,СБ3,К10,"14, 15, 16, 17, 18, 19",Слаботочные сети,АСКУЭ,Разводка кабеля,С10 АСКУЭ 14-19эт.,23.09.2025,Есть замечания,"ООО ""Топ ID""",,2,2,https://acons-app.ru/api/v1/share/checklist/05aa2d85-4618-4425-9c34-e61befaa24de/,https://drive.google.com/file/d/1moIcKbYfj1V7JxiSsfThnuOSf0Ngwzlx,,Да,2026-04-08,2026-04-08,"Монтаж не окончен, Шаг крепления клипс",
7771,СБ3,К10,"14, 15, 16, 17, 18, 19",Слаботочные сети,АСКУВТ,Разводка кабеля,С10 АСКУВТ 14-19 эт.,23.09.2025,Есть замечания,"ООО ""Топ ID""",,3,3,https://acons-app.ru/api/v1/share/checklist/4c4ea69b-0a0f-427a-8840-9849256d9517/,https://drive.google.com/file/d/1MS90cRPfpTau2GA7pEVYqRxvjojMnv5T,,Да,2026-04-08,2026-04-08,"Исправить КЖ, Монтаж не окончен, Шаг крепления",
7770,СБ3,К10,"14, 15, 16, 17, 18, 19",Слаботочные сети,АПС,Разводка кабеля,С10 АПС 14-19эт.,23.09.2025,Есть замечания,"ООО ""Топ ID""",,5,5,https://acons-app.ru/api/v1/share/checklist/67c8b0fb-7e7c-4e8b-9c10-0c38f54adba2/,https://drive.google.com/file/d/1qtshs3gcivIE67l_TD6yb9424Qs0T7_N,,Да,2026-04-08,2026-04-08,"Шаг крепления, Выполнить проходку кабельных линий, Монтаж не окончен, Провисание гофры, Отсутствует РД",
7376,СБ3,К8,"2, 3, 4, 5, 6, 7, 8, 9, 10, 11, 12, 13, 14, 15, 16",Слаботочные сети,СС,Разводка кабеля,С8 СКС А 2-16 эт.,29.08.2025,Есть замечания,"ООО ""Топ ID""",,2,2,https://acons-app.ru/api/v1/share/checklist/6a53c92b-575f-4326-9b93-e25b41afbe7d/,https://drive.google.com/file/d/1OU4ck1bd9wCRXW1eqP3KvIEYFnsOrDFj,,Да,2026-04-08,2026-04-08,"Указать длины на трубах, Отсутствует РД",
7375,СБ3,К8,"2, 3, 4, 5, 6, 7, 8, 9, 10, 11, 12, 13, 14, 15, 16",Слаботочные сети,РФ,Разводка кабеля,С8 РТ 2-16 эт.,29.08.2025,Есть замечания,"ООО ""Топ ID""",,2,2,https://acons-app.ru/api/v1/share/checklist/7df21883-238b-4890-848f-7fe44abf037c/,https://drive.google.com/file/d/1UgCOcRsemLiCfRFMLBgeVFu4UbAtbRSg,,Да,2026-04-08,2026-04-08,"На схеме не указан метраж труб, Отсутствует РД",
7374,СБ3,К9,"2, 3, 4, 5, 6, 7, 8, 9, 10",Слаботочные сети,УД,Разводка кабеля,С9 УКВ 2-10эт гофра,29.08.2025,Есть замечания,"ООО ""Топ ID""",,2,2,https://acons-app.ru/api/v1/share/checklist/49ddca40-f880-4175-a25c-78654c058823/,https://drive.google.com/file/d/1DwPFl5VHmY6hntZ47CNaFA_v4MmOk_lQ,"заложена гофра по квартирам в пол по С9 УКВ 2-10эт, чтоб отдать фронта под заливку пола",Да,2026-04-08,2026-04-08,"Монтаж не окончен, Отсутствует РД",
7350,СБ3,К6,"9, 10, 11, 12, 13, 14",Слаботочные сети,СОУЭ1,Разводка кабеля,С6 СОУЭ1 9-14эт.,22.08.2025,Есть замечания,"ООО ""Топ ID""",,2,2,https://acons-app.ru/api/v1/share/checklist/0c18fa7d-105f-43a0-868b-c61653549502/,https://drive.google.com/file/d/1XBGEX89_C27KgNPXjuI0_m9bEi4KtyAE,,Да,2026-04-08,2026-04-08,"Монтаж не окончен, Отсутствует РД",
7349,СБ3,К6,"3, 4, 5, 6, 7, 8, 9, 10, 11, 12, 13, 14",Слаботочные сети,СС,Разводка кабеля,С6 СКС А 3-14эт,22.08.2025,Есть замечания,"ООО ""Топ ID""",,2,2,https://acons-app.ru/api/v1/share/checklist/c8913d81-252f-45e9-8b88-df63e5809635/,https://drive.google.com/file/d/1x5u-I3GuhiOciQFsXJlnQj11tj1mW-54,,Да,2026-04-08,2026-04-08,"Монтаж не окончен, Отсутствует РД",
7348,СБ3,К6,"3, 4, 5, 6, 7, 8, 9, 10, 11, 12, 13, 14",Слаботочные сети,РФ,Разводка кабеля,С6 РТ 3-14эт.,22.08.2025,Есть замечания,"ООО ""Топ ID""",,1,1,https://acons-app.ru/api/v1/share/checklist/1f01ae6c-777b-463f-9193-193b39620feb/,https://drive.google.com/file/d/1nNqbh4QtgwYJkLw7isYGjYueaKfJd2Tn,,Да,2026-04-08,2026-04-08,Проволока касается фасада,
7347,СБ3,К6,"9, 10, 11, 12, 13, 14",Слаботочные сети,АСКУЭ,Разводка кабеля,С6 АСКУЭ 9-14эт.,22.08.2025,Принято,"ООО ""Топ ID""",,4,0,https://acons-app.ru/api/v1/share/checklist/59188ec2-634d-41e2-aaf8-18f8ee2c9961/,https://drive.google.com/file/d/1YTbL6sEttMey8YWK3zFxgvhrRnJEOfUo,,Да,2026-04-08,2026-04-08,,"Монтаж не окончен, Неверный шаг крепления, Бирки на кабельных линиях, Отсутствует РД"
7346,СБ3,К6,"9, 10, 11, 12, 13, 14",Слаботочные сети,АСКУВТ,Разводка кабеля,С6 АСКУВТ 9-14 эт,22.08.2025,Принято,"ООО ""Топ ID""",,2,0,https://acons-app.ru/api/v1/share/checklist/7f167b31-7fb1-4544-aed3-b4612ecb6c1b/,https://drive.google.com/file/d/1xy-5bVa1I00hdo9i-XiuK2EpB7Lj4QMn,,Да,2026-04-08,2026-04-08,,"Монтаж не окончен, Отсутствует РД"
7345,СБ3,К6,"9, 10, 11, 12, 13, 14",Слаботочные сети,АПС,Разводка кабеля,С6 АПС 9-14эт.,22.08.2025,Есть замечания,"ООО ""Топ ID""",,4,4,https://acons-app.ru/api/v1/share/checklist/db9c389e-10a7-4dcc-bc66-c5bb8d623fd8/,https://drive.google.com/file/d/1h10HBJiIVwoyIjYZOGpB30f9wdArHj5A,,Да,2026-04-08,2026-04-08,"Отсутствует схема, Подписать коробки на тех этаже, Неверный шаг крепления, Отсутствует РД",
7342,СБ3,К4,"14, 15, 16",Слаботочные сети,СОУЭ1,Разводка кабеля,С4 СОУЭ1 14-16эт.,21.08.2025,Есть замечания,"ООО ""Топ ID""",,6,6,https://acons-app.ru/api/v1/share/checklist/9fdb8b0c-4a8e-40fa-8e73-92dbe567e1be/,https://drive.google.com/file/d/1EObhEbGSFJ7Gq6Og4wO75ezas9r0_7-J,,Да,2026-04-08,2026-04-08,"Нет перегородок, Монтаж не окончен, Провисание гофры, Отклонение от РД, Отрисовать схему по факту, Отсутствует РД",
7341,СБ3,К4,"2, 3, 4, 5, 6, 7, 8, 9, 10, 11, 12, 13, 14, 15, 16",Слаботочные сети,СС,Разводка кабеля,С4 СКС А 2-16эт.,21.08.2025,Есть замечания,"ООО ""Топ ID""",,4,4,https://acons-app.ru/api/v1/share/checklist/887a1ff4-bafb-4c6a-9370-201e764fddbb/,https://drive.google.com/file/d/1k4Ekb1n9M2rwRzxSOtOELUO0TX1xEDJB,,Да,2026-04-08,2026-04-08,"Провисание гофры, Отрисовать схему по факту, Гильзы отсутствуют, Отсутствует РД",
7340,СБ3,К4,"2, 3, 4, 5, 6, 7, 8, 9, 10, 11, 12, 13, 14, 15, 16",Слаботочные сети,РФ,Разводка кабеля,С4 РТ 2-16эт.,21.08.2025,Есть замечания,"ООО ""Топ ID""",,1,1,https://acons-app.ru/api/v1/share/checklist/426fe0b8-cd46-41bf-83b0-7b545a4d45e6/,https://drive.google.com/file/d/1XMNecK6LL3k5OXwn8vtZ11qZ57eP2ww0,в чек листах ИС переделать,Да,2026-04-08,2026-04-08,Проволока касается фасада,
7339,СБ3,К4,"14, 15, 16",Слаботочные сети,АСКУЭ,Разводка кабеля,С4 АСКУЭ 14-16эт.,21.08.2025,Принято,"ООО ""Топ ID""",,4,0,https://acons-app.ru/api/v1/share/checklist/e810a329-f68d-4b55-ba08-bf23a8375d90/,https://drive.google.com/file/d/1aV4seybFAUqgFkbEQ1hcSRJYCwqoGDbm,СЕВЕРИН ошибся РД выдано ВПР потому принято!,Да,2026-04-08,2026-04-08,,"Монтаж не окончен, Неверный шаг крепления, Бирки на кабельных линиях, Отсутствует РД"
7338,СБ3,К4,"14, 15, 16",Слаботочные сети,АСКУВТ,Разводка кабеля,С4 АСКУВТ 14-16эт.,21.08.2025,Принято,"ООО ""Топ ID""",,1,0,https://acons-app.ru/api/v1/share/checklist/b276393a-b2dd-4755-8e7d-a76677ef0db9/,https://drive.google.com/file/d/10mFUFnY5XQH3bzHnWWJmKHEjxYrk4ISh,СЕВЕРИН ошибся РД выдано ВПР потому принято!,Да,2026-04-08,2026-04-08,,Отсутствует РД
7337,СБ3,К4,"14, 15, 16",Слаботочные сети,АПС,Разводка кабеля,С4 АПС 14-16 эт.,21.08.2025,Есть замечания,"ООО ""Топ ID""",,4,4,https://acons-app.ru/api/v1/share/checklist/21d02491-0e53-41cd-be25-805803e314c8/,https://drive.google.com/file/d/10w90cq4P_WUFkX9gp_Qre2JZB9bilJrv,"Переделать ИС полностью, подложены не те листы, + в КЖ подают больше факта",Да,2026-04-08,2026-04-08,"Отсутствует схема, Подписать коробки на тех этаже, Неверный шаг крепления, Отсутствует РД",
7323,СБ3,К9,"1.1, 2, 3, 4, 5, 6, 7, 8, 9, 10",Слаботочные сети,СКК,Разводка кабеля,С9 СС.КК тех. эт. - 10 эт.,20.08.2025,Есть замечания,"ООО ""Топ ID""",,6,6,https://acons-app.ru/api/v1/share/checklist/65aca087-7713-4b80-88d8-6a34d5b555c7/,https://drive.google.com/file/d/1MZEI1iHVwqUZIqsob7LJPHDBpzTYgPJ2,смотреть чек лист добавить в ЖАН запись на применения ОСТЕК на С9 и С3,Да,2026-04-08,2026-04-08,"Крепление лотка с отклонением, Не выполнены проемы в перекрытии, Отклонение от РД, Заземлить лотки, Предоставть ИС, Отсутствует РД",
7322,СБ3,К9,"2, 3, 4, 5, 6, 7, 8, 9, 10",Слаботочные сети,РФ,Разводка кабеля,С9 РТ 2-10,20.08.2025,Есть замечания,"ООО ""Топ ID""",,5,5,https://acons-app.ru/api/v1/share/checklist/cbedb910-7d9d-49d1-9dae-da63a4ca17d3/,https://drive.google.com/file/d/1mBkGqh_BjnXZ70kXy7zI6xANyJpZ422j,в чек листе,Да,2026-04-08,2026-04-08,"Отрисовать схему по факту, Провисание гофры, Гильзы не выполнены, Отклонение от РД, Отсутствует РД",
7321,СБ3,К9,"2, 3, 4, 5, 6, 7, 8, 9, 10",Слаботочные сети,СС,Разводка кабеля,С9 СКС А,20.08.2025,Есть замечания,"ООО ""Топ ID""",,4,4,https://acons-app.ru/api/v1/share/checklist/8f52a208-e4dc-4b86-a5bc-10c341ed0541/,https://drive.google.com/file/d/1Z43oqED35zOw0zpihzxKJcZu6GpQiTRo,"Надо отправлять к проектировщикам на корректировку РД, убрать везде строчки о расстоянии в  50 см от других систем.",Да,2026-04-08,2026-04-08,"Отрисовать схему по факту, Отклонение от РД, Гильзы отсутствуют, Отсутствует РД",
7308,СБ3,К8,"10, 11, 12, 13, 14, 15, 16, 17",Слаботочные сети,СОУЭ1,Разводка кабеля,С8 СОУЭ1_10-17эт.,11.08.2025,Есть замечания,"ООО ""Топ ID""",,3,3,https://acons-app.ru/api/v1/share/checklist/8c51c479-1ff0-4d19-8a4a-1b2f001338c5/,https://drive.google.com/file/d/1z5y0tfxOi1m3c9aR7JG5CM1P0y4DOr7B,много замечаний к исправлению 10 -17эт.,Да,2026-04-08,2026-04-08,"Прокладка кабелей не по РД, Провисание гофры, Ошибка в журнале кабельных линий",
7307,СБ3,К8,"10, 11, 12, 13, 14, 15, 16, 17",Слаботочные сети,АСКУЭ,Разводка кабеля,С8-АСКУЭ_10-17эт.,11.08.2025,Принято,"ООО ""Топ ID""",,1,0,https://acons-app.ru/api/v1/share/checklist/e48e981f-3142-47fc-8b3c-d0fdf43c114f/,https://drive.google.com/file/d/1OSYR3VssnIII82D0IBVM_lSr0Nzc4gSj,,Да,2026-04-08,2026-04-08,,Нет чек листа с замечаниями
7305,СБ3,К8,"10, 11, 12, 13, 14, 15, 16, 17",Слаботочные сети,АСКУВТ,Разводка кабеля,С8-АСКУВТ_10-17эт.,11.08.2025,Принято,"ООО ""Топ ID""",,1,0,https://acons-app.ru/api/v1/share/checklist/602d4de2-4803-415f-ae68-355189a361a5/,https://drive.google.com/file/d/15Y9CtWzx9v4A1bBgbEnh4QGg5D7dMc-d,,Да,2026-04-08,2026-04-08,,Нет чек листа с замечаниями
7302,СБ3,К8,"10, 11, 12, 13, 14, 15, 16, 17",Слаботочные сети,АПС,Разводка кабеля,С8-АПС_10-17эт.,11.08.2025,Есть замечания,"ООО ""Топ ID""",,6,6,https://acons-app.ru/api/v1/share/checklist/39dad7cb-ccf1-453b-8434-38a9b9c8ba28/,https://drive.google.com/file/d/1Zo41aJCVPDSiuh01yuD95k1wS9inlb6E,колоссально много замечаний 10 эт. по 17 эт. написано в чек листе,Да,2026-04-08,2026-04-08,"Монтаж не окончен, Провисание гофры, Прокладка кабелей не по РД, Ошибка в журнале кабельных линий, Отрисовать схему по факту, Отсутствует РД",
7144,СБ3,К10,"2, 3, 4, 5, 6, 7, 8, 9, 10, 11, 12, 13",Слаботочные сети,СОУЭ1,Разводка кабеля,СОУЭ1 С10 2-13эт.,25.07.2025,Есть замечания,"ООО ""Топ ID""",,4,4,https://acons-app.ru/api/v1/share/checklist/73cb0c8f-8db8-4401-8257-cfb4771d5bc7/,https://drive.google.com/file/d/1sHzxrauzDENsMHfj0fzr-e01oeUPfign,,Да,2026-04-08,2026-04-08,"Отклонение от РД, Ошибка в монтаже, Ошибка в журнале кабельных линий, Отрисовать схему по факту",
7143,СБ3,К10,"2, 3, 4, 5, 6, 7, 8, 9, 10, 11, 12, 13",Слаботочные сети,АПС,Разводка кабеля,АПС С10 -2-13эт,25.07.2025,Есть замечания,"ООО ""Топ ID""",,3,3,https://acons-app.ru/api/v1/share/checklist/c2551e68-8a64-4f64-ae4b-038182505d00/,https://drive.google.com/file/d/1bWkAjdt0vNmWP6umFV5gaWRed0Oxw-tU,,Да,2026-04-08,2026-04-08,"Ошибка в журнале кабельных линий, Отрисовать схему по факту, Отсутствует РД",
7066,СБ3,К6,"3, 4, 5, 6, 7, 8",Слаботочные сети,АСКУВТ,Разводка кабеля,АСКУВТ С6,17.07.2025,Есть замечания,"ООО ""Топ ID""",,1,1,https://acons-app.ru/api/v1/share/checklist/ba96048f-ca6e-4cf0-83ca-d9a8a1da9b1e/,https://drive.google.com/file/d/1gHI5no8IzkTRQO1Djy_ZJRgRNe3LXNkF,РД не выдан в ПР,Да,2026-04-08,2026-04-08,Отсутствует РД,
7065,СБ3,К6,"3, 4, 5, 6, 7, 8",Слаботочные сети,АСКУЭ,Разводка кабеля,АСКУЭ С6,17.07.2025,Есть замечания,"ООО ""Топ ID""",,1,1,https://acons-app.ru/api/v1/share/checklist/ea5cd037-21e5-4889-ae01-0271668c7930/,https://drive.google.com/file/d/1mp_HMslmxztKpreZPMSHAKj2roekdlVN,Рд не выдана в производство работ,Да,2026-04-08,2026-04-08,Отсутствует РД,
7064,СБ3,К6,"3, 4, 5, 6, 7, 8",Слаботочные сети,АПС,Разводка кабеля,АПС С6,17.07.2025,Есть замечания,"ООО ""Топ ID""",,1,1,https://acons-app.ru/api/v1/share/checklist/c3ccf53c-4d5b-4cb5-8f18-ed1bfa44ca43/,https://drive.google.com/file/d/1aS0JUvOmbDaLTDi1ee1rGOm3jFGuyDiD,РД не выдана в производство работ,Да,2026-04-08,2026-04-08,Отсутствует РД,
7058,СБ3,К9,1.1,Слаботочные сети,АПС,Разводка кабеля,С9 АПС тех.эт.,16.07.2025,Есть замечания,"ООО ""Топ ID""",,2,2,https://acons-app.ru/api/v1/share/checklist/7c434548-7d25-4b5c-b9ee-8c6dd9d7652a/,https://drive.google.com/file/d/12zdWqF9QjsTxXI0wIOlgtcnn36gEnqM6,РД не выдана в производство работ,Да,2026-04-08,2026-04-08,"Закрутить саморезы, Отсутствует РД",
6979,СБ3,К4,1.1,Слаботочные сети,АПС,Разводка кабеля,ВЛКЛ03-С4-АПС тех. этаж,11.07.2025,Есть замечания,"ООО ""Топ ID""",,1,1,https://acons-app.ru/api/v1/share/checklist/ce88b92b-df7a-4d0b-bba8-9607769fe60a/,https://drive.google.com/file/d/1tJNcazeRRwH57c9Bwy17Kw7CL9U-pmm1,"РД не выдана в ПР, не в полном обьеме смонтирована АПС, при монтаже оконечки и расключении предьявить повторно АПС, тех эт.",Да,2026-04-08,2026-04-08,Отсутствует РД,
6978,СБ3,К4,"2, 3, 4, 5, 6, 7, 8, 9, 10",Слаботочные сети,УД,Разводка кабеля,ВЛКЛ03-С4-УКВ,11.07.2025,Есть замечания,"ООО ""Топ ID""",,2,2,https://acons-app.ru/api/v1/share/checklist/fa705f21-746e-470c-90a1-70cadd82b84e/,https://drive.google.com/file/d/18_0vPotA-kMH6rHm5SawzjaBoEgqqdn6,"заложена только гофра в пол до лючков и стены, по стройготовности надо довести трасу до щита кв. СС и затянуть кабель ютп",Да,2026-04-08,2026-04-08,"Смещена коробка, Отсутствует РД",
6976,СБ3,К4,"2, 3, 4, 5, 6, 7, 8, 9, 10, 11, 12, 13",Слаботочные сети,СОУЭ1,Разводка кабеля,ВЛКЛ03-С4-СОУЭ1,11.07.2025,Есть замечания,"ООО ""Топ ID""",,1,1,https://acons-app.ru/api/v1/share/checklist/d0c38610-9220-4ce9-808f-830e9ef473ec/,https://drive.google.com/file/d/1W9rWxuh65GDjmbalQjUP3Ni1KzpITIVI,"замечания по СМР устранены, осталось согласовать ВИС, РД не выдана в ПР, решение по кабелю экран не экран на заказчике.",Да,2026-04-08,2026-04-08,Нет чек листа с замечаниями,
6975,СБ3,К4,"2, 3, 4, 5, 6, 7, 8, 9, 10, 11, 12, 13",Слаботочные сети,АПС,Разводка кабеля,ВЛКЛ03-С4-АПС,11.07.2025,Есть замечания,"ООО ""Топ ID""",,10,10,https://acons-app.ru/api/v1/share/checklist/48f7a50c-a34e-426e-b0e5-70cf0dd242b8/,https://drive.google.com/file/d/1vTj5H95G2kHOoHnniM2g2JiUUUb4oAxT,"ЗАмечания по СМР работам все устранены, обьемы потверждены, надо согласовать разрез ВИС Мокап 2 эт., + решение по кабелю для линии оповещение АПС про экран. или не экран по решению заказчика.",Да,2026-04-08,2026-04-08,"Добавить крепления, Выравнить кабельные линии, Исправить КЖ, Неполная проверка, Кабельные бирки по КЖ, Объемы не подтверждены, Исправить ИС, Предоставить сертификаты, Прокладка кабелей не по РД, Отсутствует РД",
6974,СБ3,К4,"2, 3, 4, 5, 6, 7, 8, 9, 10, 11, 12, 13",Слаботочные сети,АСКУВТ,Разводка кабеля,ВЛКЛ03-С4-АСКУВТ,11.07.2025,Принято,"ООО ""Топ ID""",,6,0,https://acons-app.ru/api/v1/share/checklist/66b57628-fa56-4417-bb4a-b577c40dd060/,https://drive.google.com/file/d/1gWPTW8vWJVyuHOIMVvVr2LIPbMopAt7u,,Да,2026-04-08,2026-04-08,,"Объемы не подтверждены, Прокладка кабеля не по РД, Неполная проверка, Кабельные бирки по КЖ, Исправить ИС, Предоставить сертификаты"
6936,СБ3,К10,"2, 3, 4, 5, 6, 7, 8, 9, 10",Слаботочные сети,СОУЭ1,Разводка кабеля,ВЛКЛ03-С10-СОУЭ1,08.07.2025,Есть замечания,"ООО ""Топ ID""",,4,4,https://acons-app.ru/api/v1/share/checklist/185b7113-86cc-4f39-a117-2ce27668c9ae/,https://drive.google.com/file/d/1pe9Rm41BuhW8ZfqS5jmHLnbMxYYdKyYS,"Привести в соответствие ИС и КЖ, при повторной приемке можно получить результат принято!",Да,2026-04-08,2026-04-08,"Ошибка в монтаже, Ошибка в журнале кабельных линий, Отрисовать схему по факту, Отсутствует РД",
6935,СБ3,К10,"2, 3, 4, 5, 6, 7, 8, 9, 10",Слаботочные сети,АСКУЭ,Разводка кабеля,ВЛКЛ03-С10-АСКУЭ,08.07.2025,Принято,"ООО ""Топ ID""",,1,0,https://acons-app.ru/api/v1/share/checklist/b0cb5a6c-e5bf-4722-9755-9043d9ad97e0/,https://drive.google.com/file/d/1D2k0LBKaAsbta1SH1BzOKG1uYWk3XKHv,,Да,2026-04-08,2026-04-08,,Нет чек листа с замечаниями
6934,СБ3,К10,"2, 3, 4, 5, 6, 7, 8, 9, 10",Слаботочные сети,АСКУВТ,Разводка кабеля,ВЛКЛ03-С10-АСКУВТ,08.07.2025,Принято,"ООО ""Топ ID""",,1,0,https://acons-app.ru/api/v1/share/checklist/5e450d71-97aa-4313-b8f3-f39fc7138473/,https://drive.google.com/file/d/1rtM1dTPDTWYpi9Rh9c-6ed0oIa8bC1PK,,Да,2026-04-08,2026-04-08,,Нет чек листа с замечаниями
6933,СБ3,К10,"2, 3, 4, 5, 6, 7, 8, 9, 10",Слаботочные сети,АПС,Разводка кабеля,ВЛКЛ03-С10-АПС,08.07.2025,Есть замечания,"ООО ""Топ ID""",,4,4,https://acons-app.ru/api/v1/share/checklist/f2072144-79af-46fb-9eca-dad348d51767/,https://drive.google.com/file/d/12JmdwZESfFck8-lTlh2Vo7J1t5g4tqV1,"в основном косяки личные Топ Айди, схемы не совпадают с фактом прокладки, КЖ не соотвецтвует биркам, РД не выдана в ПР",Да,2026-04-08,2026-04-08,"Размеры на схемах, Размеры на бирках, Отрисовать схему по факту, Отсутствует РД",
6921,СБ3,К9,"2, 3, 4, 5, 6, 7, 8, 9, 10",Слаботочные сети,СОУЭ1,Разводка кабеля,ВЛКЛ03-С9-СОУЭ1,04.07.2025,Есть замечания,"ООО ""Топ ID""",,3,3,https://acons-app.ru/api/v1/share/checklist/a8064f61-3404-45b8-9603-88fdec5174ff/,https://drive.google.com/file/d/1pnhD2bAB1l5-UcoR2vOHFfkr0-GgBaCX,"в основном в замечаниях ссылка на стадию П, остальные устраняемые обьемы в  целом потверждены.",Да,2026-04-08,2026-04-08,"Добавить клины при пересечении, Отклонение от РД, Отрисовать схему по факту",
6920,СБ3,К9,"2, 3, 4, 5, 6, 7, 8, 9, 10",Слаботочные сети,АСКУЭ,Разводка кабеля,ВЛКЛ03-С9-АСКУЭ,04.07.2025,Принято,"ООО ""Топ ID""",,1,0,https://acons-app.ru/api/v1/share/checklist/21ad3b55-10c0-4bf4-9c9b-f28f9365b1f8/,https://drive.google.com/file/d/1dERjBnltGdI3rv_qP1yD1Lpk60b7YbN6,,Да,2026-04-08,2026-04-08,,Нет чек листа с замечаниями
6919,СБ3,К9,"2, 3, 4, 5, 6, 7, 8, 9, 10",Слаботочные сети,АСКУВТ,Разводка кабеля,ВЛКЛ03-С9-АСКУВТ,04.07.2025,Принято,"ООО ""Топ ID""",,1,0,https://acons-app.ru/api/v1/share/checklist/5b8e9fd4-0105-4158-b175-3a696ac92d09/,https://drive.google.com/file/d/14msVZTKKtrGpJxb6q7zOtmLcU_6KY8vJ,,Да,2026-04-08,2026-04-08,,Нет чек листа с замечаниями
6918,СБ3,К9,"2, 3, 4, 5, 6, 7, 8, 9, 10",Слаботочные сети,АПС,Разводка кабеля,ВЛКЛ03-С9-АПС,04.07.2025,Есть замечания,"ООО ""Топ ID""",,3,3,https://acons-app.ru/api/v1/share/checklist/e906e1cc-4739-4818-bdb4-9f05b8c0da41/,https://drive.google.com/file/d/1z-kBAVC61B5n6lDucqhJPZS4dFSupIug,в основном серьёзные замечания по стади П в РД по другому. остальные мелкие замечания устраняемы...,Да,2026-04-08,2026-04-08,"Добавить клины при пересечении, Отрисовать схему по факту, Отсутствует РД",
6753,СБ3,К4,"1.1, 2, 3, 4, 5, 6, 7, 8, 9, 10, 11, 12, 13",Слаботочные сети,СКК,Разводка кабеля,С4 СС.КК тех. эт до 13 эт.,20.06.2025,Есть замечания,"ООО ""Топ ID""",,8,8,https://acons-app.ru/api/v1/share/checklist/5212300d-187c-4968-bb0a-06be78669179/,https://drive.google.com/file/d/1KF1l0ryh10Bx6L-3yBfHcjxy7J5HI3oB,,Да,2026-04-08,2026-04-08,"Объемы не подтверждены, НЕполная проверка, Монтаж не окончен, Заземлить лотки, Монтаж не по РД, Предоставить сертификаты, Предоставть ИС, Отсутствует РД",
6752,СБ3,К4,"2, 3, 4, 5, 6, 7, 8, 9, 10, 11, 12, 13",Слаботочные сети,АСКУЭ,Разводка кабеля,С4 АСКУЭ с 2 по 13 эт.,20.06.2025,Принято,"ООО ""Топ ID""",,5,0,https://acons-app.ru/api/v1/share/checklist/f5fd0b81-1203-46f5-90fa-4cc7abfb5103/,https://drive.google.com/file/d/1olpvcOlztbae83Jc4-coxNcrVAx8sF5X,старт 21.05.2025 сдано и принято 20.06.2025 на 5й раз.,Да,2026-04-08,2026-04-08,,"Неполная проверка, Объемы не подтверждены, Кабельные бирки по КЖ, Исправить ИС, Предоставить сертификаты"
6751,СБ3,К4,"2, 3, 4, 5, 6, 7, 8, 9, 10, 11, 12, 13",Слаботочные сети,АСКУВТ,Разводка кабеля,С4-АСКУВТ 20.06.2025,20.06.2025,Есть замечания,"ООО ""Топ ID""",,6,6,https://acons-app.ru/api/v1/share/checklist/96ace878-aacf-4dc9-98cb-7347c1626cfb/,https://drive.google.com/file/d/1KACth4rJ7q0ulJx-fcnuvarCNZrOdptH,,Да,2026-04-08,2026-04-08,"Объемы не подтверждены, Прокладка кабеля не по РД, Неполная проверка, Кабельные бирки по КЖ, Исправить ИС, Предоставить сертификаты",
6750,СБ3,К4,"2, 3, 4, 5, 6, 7, 8, 9, 10, 11, 12, 13",Слаботочные сети,АПС,Разводка кабеля,С4 АПС с 2 по 13,20.06.2025,Есть замечания,"ООО ""Топ ID""",,10,10,https://acons-app.ru/api/v1/share/checklist/b13118b6-e1a6-4d1c-888b-eb4a216f8164/,https://drive.google.com/file/d/1g71cWMyF6r4AxuQ5ciN_0N-j1_mizX9m,,Да,2026-04-08,2026-04-08,"Выравнить кабельные линии, Исправить КЖ, Неполная проверка, Кабельные бирки по КЖ, Объемы не подтверждены, Исправить ИС, Предоставить сертификаты, Прокладка кабелей не по РД, Ошибка в журнале кабельных линий, Отсутствует РД",
6749,СБ3,К8,"2, 3, 4, 5, 6, 7, 8, 9",Слаботочные сети,СОУЭ1,Разводка кабеля,С8 СОУЭ1 МОПы с 2 по 9 этаж,20.06.2025,Есть замечания,"ООО ""Топ ID""",,6,6,https://acons-app.ru/api/v1/share/checklist/47274034-924b-4d48-b0a2-c08ff1d0027c/,https://drive.google.com/file/d/1jqmTcRTIjT3QT9nLa4MUyQ_e-CZRaOH2,,Да,2026-04-08,2026-04-08,"Шаг крепления, Крепеж гофры, Предоставить КЖ, Предоставить схемы, Кабельные бирки по КЖ, Прокладка кабелей не по РД",
6745,СБ3,К8,"2, 3, 4, 5, 6, 7, 8, 9",Слаботочные сети,АСКУЭ,Разводка кабеля,АСКУЭ С8 20.06.2025,20.06.2025,Принято,"ООО ""Топ ID""",,2,0,https://acons-app.ru/api/v1/share/checklist/ecb99377-18b8-4159-8882-2ae81500e751/,https://drive.google.com/file/d/1fkbn8bqJSwdMvqSEVaXAjcQXWJiqWIlm,Все проверить готовить ИД,Да,2026-04-08,2026-04-08,,"Схемы нечитаемы, Отсутствует РД"
6744,СБ3,К8,"2, 3, 4, 5, 6, 7, 8, 9",Слаботочные сети,АСКУЭ,Разводка кабеля,АСКУЭ С8 20.06.2025,20.06.2025,Принято,"ООО ""Топ ID""",,2,0,https://acons-app.ru/api/v1/share/checklist/bbf1b3d1-00ac-42ed-bfce-d8db88d2ca8c/,https://drive.google.com/file/d/188Oa-crd7ps1yWfE6ou9rl55L2TRFvmY,Все проверить готовить ИД,Да,2026-04-08,2026-04-08,,"Схемы нечитаемы, Отсутствует РД"
6743,СБ3,К8,"2, 3, 4, 5, 6, 7, 8, 9",Слаботочные сети,АСКУВТ,Разводка кабеля,АСКУВТ С8 20.06.2025,20.06.2025,Есть замечания,"ООО ""Топ ID""",,5,5,https://acons-app.ru/api/v1/share/checklist/81e749ad-95ff-4fd6-841a-8dcc494754c9/,https://drive.google.com/file/d/1Wgi0Krpku7yXLVXpI2jORSGUVjiL0_mJ,в обьемах проверить подают ли метраж с тех. этажа,Да,2026-04-08,2026-04-08,"Монтаж не окончен, Шаг крепления, Предоставить КЖ, Объемы не подтверждены, Прокладка кабеля не по РД",
6742,СБ3,К8,"2, 3, 4, 5, 6, 7, 8, 9",Слаботочные сети,АПС,Разводка кабеля,АПС С8 МОП 20.06.25,20.06.2025,Есть замечания,"ООО ""Топ ID""",,7,7,https://acons-app.ru/api/v1/share/checklist/6726cd14-fcae-4999-9d4e-f4c9b91de364/,https://drive.google.com/file/d/1KPLa9h7R5PUhqZrhEbuyOz9bl9W4HqT0,"Тех. этаж в чек листе в объёмах, надо переделать и повторно предъявить тех. этаж",Да,2026-04-08,2026-04-08,"Схемы нечитаемы, Работы не сданы, Предоставить КЖ, Монтаж не окончен, Прокладка кабелей не по РД, Размеры на схемах, Отсутствует РД",
6643,СБ3,К4,"2, 3, 4, 5, 6, 7, 8, 9, 10, 11, 12, 13",Слаботочные сети,СОУЭ1,Разводка кабеля,ВЛКЛ03-С4-СОУЭ1,04.06.2025,Есть замечания,,,9,9,https://acons-app.ru/api/v1/share/checklist/7b2db9c7-41a4-42d7-a142-d17cf7ccb787/,https://drive.google.com/file/d/1RFpHxibhcTq8-hqEl1UyDbQLsN9F-HYO,старт работ от 21.05.2025 почти все замечания устранены 04.06.2025,Да,2026-04-08,2026-04-08,"Монтаж распределительных коробок, Добавить крепления, Выравнить гофру, Объемы не подтверждены, Неполная проверка, Кабельные бирки по КЖ, Исправить ИС, Предоставить сертификаты, Отсутствует РД",
6640,СБ3,К4,"2, 3, 4, 5, 6, 7, 8, 9, 10, 11, 12, 13",Слаботочные сети,АСКУВТ,Разводка кабеля,ВЛКЛ03-С4-АСКУВТ,04.06.2025,Есть замечания,,,6,6,https://acons-app.ru/api/v1/share/checklist/8bacdcf4-bb0a-42fb-a6af-788ff0028f48/,https://drive.google.com/file/d/1Jsi4ooa-UkAlKWA1Eeq4d9IF2sIhmv9e,Старт работ от 21.05.2025 половина замечаний кроме бирки устранено 4.06.2025,Да,2026-04-08,2026-04-08,"Объемы не подтверждены, Прокладка кабеля не по РД, Неполная проверка, Кабельные бирки по КЖ, Исправить ИС, Предоставить сертификаты",
6639,СБ3,К4,"2, 3, 4, 5, 6, 7, 8, 9, 10, 11, 12, 13",Слаботочные сети,АПС,Разводка кабеля,ВЛКЛ03-С4-АПС,04.06.2025,Есть замечания,,,10,10,https://acons-app.ru/api/v1/share/checklist/a9f4a4ac-78dc-4cb7-9eef-0450f0b6c2a3/,https://drive.google.com/file/d/15-bipGxNjZ2tcRvEHLuX4PCI7A-ZKFHx,Старт сдачи по АПС от 21.05.2025,Да,2026-04-08,2026-04-08,"Нет гильз, Вход в квартиры не выполнен, Выравнить кабельные линии, Исправить КЖ, Неполная проверка, Кабельные бирки по КЖ, Объемы не подтверждены, Исправить ИС, Предоставить сертификаты, Отсутствует РД",
6638,СБ3,К4,"1.1, 2, 3, 4, 5, 6, 7, 8, 9, 10, 11, 12, 13",Слаботочные сети,СКК,Разводка кабеля,ВЛКЛ03-С4-СС.КК,04.06.2025,Есть замечания,,,6,6,https://acons-app.ru/api/v1/share/checklist/339d6c86-0b57-4f07-be3c-1aa54a2573b3/,https://drive.google.com/file/d/1ovY7x2FXA8lttg6QZlOGw3xg8_9mL413,Старт работ по чек листу СКК от 21.05.2026,Да,2026-04-08,2026-04-08,"НЕполная проверка, Монтаж не окончен, Монтаж не по РД, Предоставить сертификаты, Предоставть ИС, Отсутствует РД",
6637,СБ3,К4,"1.1, 2, 3, 4, 5, 6, 7, 8, 9, 10, 11, 12, 13",Слаботочные сети,СКК,Разводка кабеля,ВЛКЛ03-С4-СС.КК,21.05.2025,Есть замечания,"ОБЩЕСТВО С ОГРАНИЧЕННОЙ ОТВЕТСТВЕННОСТЬЮ ""АЛЬФА СТРОЙ""",,9,9,https://acons-app.ru/api/v1/share/checklist/4e5a2abb-e81f-4a5e-8aea-7b6037ce3d32/,https://drive.google.com/file/d/1GKw5ObI2hSN3S5IozLjNwvW1SvrC6Ivw,,Да,2026-04-08,2026-04-08,"Нет гильз, Вход в квартиры не выполнен, Выравнить кабельные линии, Кабельные бирки по КЖ, Исправить ИС, Объемы не подтверждены, НЕполная проверка, Предоставить сертификаты, Отсутствует РД",
6577,СБ3,К4,"1.1, 2, 3, 4, 5, 6, 7, 8, 9, 10, 11, 12, 13",Слаботочные сети,СКК,Разводка кабеля,ВЛКЛ03-С4-СС.КК,21.05.2025,Замечания устранены,"ОБЩЕСТВО С ОГРАНИЧЕННОЙ ОТВЕТСТВЕННОСТЬЮ ""АЛЬФА СТРОЙ""",,8,8,https://acons-app.ru/api/v1/share/checklist/5bce93e3-ee25-482e-95e9-550c0408764a/,https://drive.google.com/file/d/1X45s2M17ZtcumXCcDuFzAl1nV5dc-5v6,,Да,2026-04-08,2026-04-08,"Объемы не подтверждены, НЕполная проверка, Монтаж не окончен, Заземлить лотки, Монтаж не по РД, Предоставить сертификаты, Предоставть ИС, Отсутствует РД",
6472,СБ3,К4,"2, 3, 4, 5, 6, 7, 8, 9, 10, 11, 12, 13",Слаботочные сети,АПС,Разводка кабеля,ВЛКЛ03-С4-АПС,21.05.2025,Есть замечания,"ОБЩЕСТВО С ОГРАНИЧЕННОЙ ОТВЕТСТВЕННОСТЬЮ ""АЛЬФА СТРОЙ""",,6,6,https://acons-app.ru/api/v1/share/checklist/732c5cdf-8dfd-4508-b863-c760bd6efab1/,https://drive.google.com/file/d/1A4_7IFBIwZOjZR9KelCt_ne83Z3ixGLQ,"По РД разобраться с адресацией (оконечки) и названием линий, для обьемов. Добавить И. схемы и объёмы на схеме в таблице. 21.05.2025 был предъявлен только 2й этаж Корпуса С4 СБ3, дальше не пошли, на повторной приемки  при устранении замечаний пройтись по всем этажам с 2-13.",Да,2026-04-08,2026-04-08,"Неполная проверка, Кабельные бирки по КЖ, Объемы не подтверждены, Исправить ИС, Предоставить сертификаты, Отсутствует РД",
6471,СБ3,К4,"1.1, 2, 3, 4, 5, 6, 7, 8, 9, 10, 11, 12, 13",Слаботочные сети,СКК,Разводка кабеля,ВЛКЛ03-С4-СС.КК,21.05.2025,Есть замечания,"ОБЩЕСТВО С ОГРАНИЧЕННОЙ ОТВЕТСТВЕННОСТЬЮ ""АЛЬФА СТРОЙ""",,8,8,https://acons-app.ru/api/v1/share/checklist/11f746c5-15b0-45ca-9afb-357bfd8871c3/,https://drive.google.com/file/d/1SyJqd-1zi_ORlZgcGl2VNRJotGOsxL_N,"Добавить И. схемы и объёмы на схеме в таблице. 21.05.2025 был предъявлен только 2й этаж Корпуса С4 СБ3, дальше не пошли, на повторной приемки  при устранении замечаний пройтись по всем этажам с 2-13.",Да,2026-04-08,2026-04-08,"Объемы не подтверждены, НЕполная проверка, Монтаж не окончен, Заземлить лотки, Монтаж не по РД, Предоставить сертификаты, Предоставть ИС, Отсутствует РД",
6470,СБ3,К4,"2, 3, 4, 5, 6, 7, 8, 9, 10, 11, 12, 13",Слаботочные сети,СОУЭ1,Разводка кабеля,ВЛКЛ03-С4-СОУЭ1,21.05.2025,Есть замечания,"ОБЩЕСТВО С ОГРАНИЧЕННОЙ ОТВЕТСТВЕННОСТЬЮ ""АЛЬФА СТРОЙ""",,5,5,https://acons-app.ru/api/v1/share/checklist/2ac3d37f-5a79-4844-865b-03ce8c86de8c/,https://drive.google.com/file/d/1FLGGbL_fha7OsT8C3ZrRcnIdz3huV1M4,"Добавить И. схемы и объёмы на схеме в таблице. 21.05.2025 был предъявлен только 2й этаж Корпуса С4 СБ3, дальше не пошли, на повторной приемки  при устранении замечаний пройтись по всем этажам с 2-13.",Да,2026-04-08,2026-04-08,"Неполная проверка, Кабельные бирки по КЖ, Исправить ИС, Предоставить сертификаты, Отсутствует РД",
6469,СБ3,К4,"2, 3, 4, 5, 6, 7, 8, 9, 10, 11, 12, 13",Слаботочные сети,АСКУВТ,Разводка кабеля,ВЛКЛ03-С4-АСКУВТ,21.05.2025,Есть замечания,"ОБЩЕСТВО С ОГРАНИЧЕННОЙ ОТВЕТСТВЕННОСТЬЮ ""АЛЬФА СТРОЙ""",,5,5,https://acons-app.ru/api/v1/share/checklist/ea8af524-7686-45f7-b40c-8f9b544d3a1e/,https://drive.google.com/file/d/1Z4yRoovd2Q161KywQLWHSiRYAEr8SYax,"21.05.2025 был предъявлен только 2й этаж Корпуса С4 СБ3, дальше не пошли, на повторной приемки  при устранении замечаний пройтись по всем этажам с 2-13.",Да,2026-04-08,2026-04-08,"Прокладка кабеля не по РД, Неполная проверка, Кабельные бирки по КЖ, Исправить ИС, Предоставить сертификаты",
6468,СБ3,К4,"2, 3, 4, 5, 6, 7, 8, 9, 10, 11, 12, 13",Слаботочные сети,АСКУЭ,Разводка кабеля,ВЛКЛ03-С4-АСКУЭ,21.05.2025,Есть замечания,"ОБЩЕСТВО С ОГРАНИЧЕННОЙ ОТВЕТСТВЕННОСТЬЮ ""АЛЬФА СТРОЙ""",,5,5,https://acons-app.ru/api/v1/share/checklist/b3db1212-6df7-46b3-a12a-bdaf0638741a/,https://drive.google.com/file/d/1OIkPwJ0o0fdIQxZd7aGNBaHPCCKn_fJi,"21.05.2025 был предъявлен только 2й этаж Корпуса С4 СБ3, дальше не пошли, на повторной приемки  при устранении замечаний пройтись по всем этажам с 2-13.",Да,2026-04-08,2026-04-08,"Неполная проверка, Объемы не подтверждены, Кабельные бирки по КЖ, Исправить ИС, Предоставить сертификаты",
6641,СБ3,К4,"2, 3, 4, 5, 6, 7, 8, 9, 10, 11, 12, 13",Слаботочные сети,АСКУЭ,Разводка кабеля,ВЛКЛ03-С4-АСКУЭ,04.05.2025,Есть замечания,,,4,4,https://acons-app.ru/api/v1/share/checklist/fc24a886-473f-401a-bf45-5fd5fc12bd90/,https://drive.google.com/file/d/1cgh8m4alRNQxsALFhxI-zdreRfkW9Yj5,"старт работ от 21.05.2025, почти все замечания устранены от 04.06.2025",Да,2026-04-08,2026-04-08,"Объемы не подтверждены, Кабельные бирки по КЖ, Исправить ИС, Предоставить сертификаты",